2024-02-12 22:04:53,Sao Paulo,29.72,light rain
2024-02-12 23:04:56,Sao Paulo,28.9,few clouds
2024-02-13 00:17:35,Sao Paulo,28.2,clear sky
2024-02-13 01:25:21,Sao Paulo,25.22,clear sky
2024-02-13 02:09:58,Sao Paulo,25.52,clear sky
2024-02-13 03:04:54,Sao Paulo,24.88,clear sky
2024-02-13 04:04:56,Sao Paulo,25.22,overcast clouds
2024-02-13 05:05:04,Sao Paulo,24.99,light rain
2024-02-13 06:06:10,Sao Paulo,24.3,overcast clouds
2024-02-13 07:05:11,Sao Paulo,24.3,overcast clouds
2024-02-13 08:06:31,Sao Paulo,24.23,overcast clouds
2024-02-13 09:04:47,Sao Paulo,24.23,light rain
2024-02-13 10:04:54,Sao Paulo,24.35,clear sky
2024-02-13 11:05:10,Sao Paulo,24.94,clear sky
2024-02-13 12:06:27,Sao Paulo,26.45,clear sky
2024-02-13 13:04:52,Sao Paulo,28.05,clear sky
2024-02-13 14:05:03,Sao Paulo,28.42,clear sky
2024-02-13 15:04:34,Sao Paulo,29.78,few clouds
2024-02-13 16:05:50,Sao Paulo,31.57,clear sky
2024-02-13 17:04:53,Sao Paulo,32.16,clear sky
2024-02-13 18:05:55,Sao Paulo,32.63,scattered clouds
2024-02-13 19:04:50,Sao Paulo,32.34,scattered clouds
2024-02-13 20:05:17,Sao Paulo,32.44,scattered clouds
2024-02-13 21:04:46,Sao Paulo,32.27,scattered clouds
2024-02-13 22:05:03,Sao Paulo,30.8,scattered clouds
2024-02-13 23:04:41,Sao Paulo,30.24,scattered clouds
2024-02-14 00:16:59,Sao Paulo,24.59,light rain
2024-02-14 01:25:31,Sao Paulo,23.16,moderate rain
2024-02-14 02:09:46,Sao Paulo,22.54,heavy intensity rain
2024-02-14 03:04:47,Sao Paulo,21.07,thunderstorm with heavy rain
2024-02-14 04:05:11,Sao Paulo,21.96,heavy intensity rain
2024-02-14 05:05:04,Sao Paulo,21.17,moderate rain
2024-02-14 06:06:17,Sao Paulo,21.67,light rain
2024-02-14 07:05:24,Sao Paulo,21.51,few clouds
2024-02-14 08:05:44,Sao Paulo,21.51,few clouds
2024-02-14 09:05:01,Sao Paulo,21.17,overcast clouds
2024-02-14 10:04:54,Sao Paulo,21.31,few clouds
2024-02-14 11:05:02,Sao Paulo,21.79,clear sky
2024-02-14 12:07:01,Sao Paulo,23.17,light rain
2024-02-14 13:04:40,Sao Paulo,22.96,scattered clouds
2024-02-14 14:05:34,Sao Paulo,24.45,scattered clouds
2024-02-14 15:04:57,Sao Paulo,24.56,broken clouds
2024-02-14 16:05:08,Sao Paulo,24.21,light rain
2024-02-14 17:04:33,Sao Paulo,24,light intensity drizzle
2024-02-14 18:05:27,Sao Paulo,23.71,broken clouds
2024-02-14 19:04:27,Sao Paulo,24.1,light rain
2024-02-14 20:05:04,Sao Paulo,24.56,broken clouds
2024-02-14 21:04:58,Sao Paulo,23.68,light rain
2024-02-14 22:04:41,Sao Paulo,22.19,heavy intensity rain
2024-02-14 23:04:47,Sao Paulo,21.75,broken clouds
2024-02-15 00:17:08,Sao Paulo,20.4,mist
2024-02-15 01:25:14,Sao Paulo,20.49,broken clouds
2024-02-15 02:10:19,Sao Paulo,20.9,moderate rain
2024-02-15 03:04:54,Sao Paulo,20.15,broken clouds
2024-02-15 04:05:30,Sao Paulo,20.38,light rain
2024-02-15 05:04:51,Sao Paulo,20.38,overcast clouds
2024-02-15 06:05:52,Sao Paulo,20.38,overcast clouds
2024-02-15 07:04:33,Sao Paulo,20.38,overcast clouds
2024-02-15 08:05:30,Sao Paulo,20.42,overcast clouds
2024-02-15 09:05:44,Sao Paulo,20.42,mist
2024-02-15 10:04:54,Sao Paulo,19.9,light intensity drizzle
2024-02-15 11:05:14,Sao Paulo,20.05,mist
2024-02-15 12:06:40,Sao Paulo,20.3,light intensity drizzle
2024-02-15 13:04:48,Sao Paulo,19.99,light intensity drizzle
2024-02-15 14:04:42,Sao Paulo,20.73,light rain
2024-02-15 15:04:47,Sao Paulo,21.62,light rain
2024-02-15 16:04:45,Sao Paulo,21.97,broken clouds
2024-02-15 17:05:31,Sao Paulo,21.13,broken clouds
2024-02-15 18:05:28,Sao Paulo,21.36,broken clouds
2024-02-15 19:04:34,Sao Paulo,20.54,light rain
2024-02-15 20:04:56,Sao Paulo,21.02,light rain
2024-02-15 21:04:47,Sao Paulo,20.55,broken clouds
2024-02-15 22:04:57,Sao Paulo,19.52,broken clouds
2024-02-15 23:05:05,Sao Paulo,19.28,broken clouds
2024-02-16 00:16:50,Sao Paulo,19.18,broken clouds
2024-02-16 01:25:01,Sao Paulo,19.18,broken clouds
2024-02-16 02:09:51,Sao Paulo,19.04,broken clouds
2024-02-16 03:05:13,Sao Paulo,19.14,mist
2024-02-16 04:04:57,Sao Paulo,19.39,overcast clouds
2024-02-16 05:05:20,Sao Paulo,19.54,broken clouds
2024-02-16 06:05:24,Sao Paulo,19.24,overcast clouds
2024-02-16 07:04:36,Sao Paulo,19.5,overcast clouds
2024-02-16 08:05:45,Sao Paulo,18.98,overcast clouds
2024-02-16 09:04:54,Sao Paulo,18.85,overcast clouds
2024-02-16 10:05:01,Sao Paulo,19.15,mist
2024-02-16 11:04:23,Sao Paulo,19.4,mist
2024-02-16 12:06:26,Sao Paulo,20.5,mist
2024-02-16 13:04:43,Sao Paulo,21.45,haze
2024-02-16 14:04:53,Sao Paulo,22.26,broken clouds
2024-02-16 15:04:47,Sao Paulo,23.69,broken clouds
2024-02-16 16:05:09,Sao Paulo,24.26,broken clouds
2024-02-16 17:05:00,Sao Paulo,24.06,broken clouds
2024-02-16 18:04:57,Sao Paulo,25.62,broken clouds
2024-02-16 19:04:41,Sao Paulo,24.75,broken clouds
2024-02-16 20:04:52,Sao Paulo,24.57,broken clouds
2024-02-16 21:04:29,Sao Paulo,22.46,broken clouds
2024-02-16 22:04:38,Sao Paulo,20.88,broken clouds
2024-02-16 23:04:40,Sao Paulo,20.88,broken clouds
2024-02-17 00:16:55,Sao Paulo,20.9,broken clouds
2024-02-17 01:24:28,Sao Paulo,20.4,overcast clouds
2024-02-17 02:09:11,Sao Paulo,20.38,overcast clouds
2024-02-17 03:04:53,Sao Paulo,20.22,overcast clouds
2024-02-17 04:05:40,Sao Paulo,20.42,broken clouds
2024-02-17 05:04:47,Sao Paulo,20.03,broken clouds
2024-02-17 06:05:21,Sao Paulo,20.03,broken clouds
2024-02-17 07:04:40,Sao Paulo,20.03,overcast clouds
2024-02-17 08:05:23,Sao Paulo,19.7,overcast clouds
2024-02-17 09:04:49,Sao Paulo,19.37,scattered clouds
2024-02-17 10:04:32,Sao Paulo,19.2,few clouds
2024-02-17 11:04:20,Sao Paulo,19.92,clear sky
2024-02-17 12:05:47,Sao Paulo,21.04,broken clouds
2024-02-17 13:04:40,Sao Paulo,22.45,light rain
2024-02-17 14:04:42,Sao Paulo,24.34,clear sky
2024-02-17 15:04:50,Sao Paulo,23.9,clear sky
2024-02-17 16:04:47,Sao Paulo,25.52,light rain
2024-02-17 17:04:36,Sao Paulo,27.04,clear sky
2024-02-17 18:05:12,Sao Paulo,26.76,scattered clouds
2024-02-17 19:04:56,Sao Paulo,26.2,light rain
2024-02-17 20:04:45,Sao Paulo,25.16,scattered clouds
2024-02-17 21:04:48,Sao Paulo,22.48,moderate rain
2024-02-17 22:05:17,Sao Paulo,22.13,moderate rain
2024-02-17 23:04:39,Sao Paulo,21.5,broken clouds
2024-02-18 00:18:36,Sao Paulo,21.38,broken clouds
2024-02-18 01:27:48,Sao Paulo,21.38,broken clouds
2024-02-18 02:11:14,Sao Paulo,21.36,few clouds
2024-02-18 03:04:53,Sao Paulo,21.15,scattered clouds
2024-02-18 04:04:55,Sao Paulo,21.31,few clouds
2024-02-18 05:04:44,Sao Paulo,21.23,broken clouds
2024-02-18 06:05:45,Sao Paulo,21.07,broken clouds
2024-02-18 07:05:06,Sao Paulo,21.23,overcast clouds
2024-02-18 08:04:52,Sao Paulo,21.3,overcast clouds
2024-02-18 09:04:51,Sao Paulo,21.41,overcast clouds
2024-02-18 10:04:36,Sao Paulo,20.67,broken clouds
2024-02-18 11:04:23,Sao Paulo,21.04,broken clouds
2024-02-18 12:05:44,Sao Paulo,21.79,broken clouds
2024-02-18 13:04:52,Sao Paulo,22.61,broken clouds
2024-02-18 14:04:46,Sao Paulo,23,light rain
2024-02-18 15:04:31,Sao Paulo,24.97,broken clouds
2024-02-18 16:04:55,Sao Paulo,25.17,scattered clouds
2024-02-18 17:04:30,Sao Paulo,27.16,scattered clouds
2024-02-18 18:04:59,Sao Paulo,26.97,light rain
2024-02-18 19:04:25,Sao Paulo,23.21,heavy intensity rain
2024-02-18 20:04:50,Sao Paulo,19.38,thunderstorm with rain
2024-02-18 21:04:26,Sao Paulo,19.09,broken clouds
2024-02-18 22:04:43,Sao Paulo,19.94,clear sky
2024-02-18 23:04:47,Sao Paulo,20.45,broken clouds
2024-02-19 00:17:43,Sao Paulo,19.63,broken clouds
2024-02-19 01:26:14,Sao Paulo,19.13,clear sky
2024-02-19 02:11:02,Sao Paulo,19.99,broken clouds
2024-02-19 03:05:01,Sao Paulo,19.47,broken clouds
2024-02-19 04:05:08,Sao Paulo,20.55,overcast clouds
2024-02-19 05:04:52,Sao Paulo,20.15,broken clouds
2024-02-19 06:05:39,Sao Paulo,19.91,scattered clouds
2024-02-19 07:06:08,Sao Paulo,19.39,broken clouds
2024-02-19 08:05:41,Sao Paulo,19.39,broken clouds
2024-02-19 09:05:06,Sao Paulo,19.68,mist
2024-02-19 10:04:48,Sao Paulo,19.02,mist
2024-02-19 11:04:35,Sao Paulo,20.06,mist
2024-02-19 12:07:08,Sao Paulo,23.11,scattered clouds
2024-02-19 13:04:50,Sao Paulo,23,scattered clouds
2024-02-19 14:05:42,Sao Paulo,25.67,scattered clouds
2024-02-19 15:04:46,Sao Paulo,25.85,light rain
2024-02-19 16:05:52,Sao Paulo,28.33,broken clouds
2024-02-19 17:04:42,Sao Paulo,26.99,broken clouds
2024-02-19 18:05:55,Sao Paulo,26.41,broken clouds
2024-02-19 19:04:51,Sao Paulo,25.09,broken clouds
2024-02-19 20:04:43,Sao Paulo,24.42,broken clouds
2024-02-19 21:04:53,Sao Paulo,23.33,scattered clouds
2024-02-19 22:04:57,Sao Paulo,22.68,scattered clouds
2024-02-19 23:04:34,Sao Paulo,22.17,scattered clouds
2024-02-20 00:16:43,Sao Paulo,22.46,broken clouds
2024-02-20 01:24:21,Sao Paulo,22.17,light rain
2024-02-20 02:09:10,Sao Paulo,22.15,broken clouds
2024-02-20 03:05:06,Sao Paulo,21.83,broken clouds
2024-02-20 04:05:51,Sao Paulo,21.98,broken clouds
2024-02-20 05:05:14,Sao Paulo,21.76,scattered clouds
2024-02-20 06:05:49,Sao Paulo,21.69,broken clouds
2024-02-20 07:05:31,Sao Paulo,21.5,few clouds
2024-02-20 08:05:24,Sao Paulo,21.46,broken clouds
2024-02-20 09:04:44,Sao Paulo,21.46,overcast clouds
2024-02-20 10:05:07,Sao Paulo,21.35,overcast clouds
2024-02-20 11:04:52,Sao Paulo,22.03,overcast clouds
2024-02-20 12:06:36,Sao Paulo,23.26,broken clouds
2024-02-20 13:04:49,Sao Paulo,23.05,broken clouds
2024-02-20 14:04:42,Sao Paulo,24.31,broken clouds
2024-02-20 15:04:44,Sao Paulo,24.62,scattered clouds
2024-02-20 16:05:16,Sao Paulo,25.46,scattered clouds
2024-02-20 17:04:49,Sao Paulo,24.35,scattered clouds
2024-02-20 18:06:01,Sao Paulo,22.37,broken clouds
2024-02-20 19:04:34,Sao Paulo,21.39,broken clouds
2024-02-20 20:05:49,Sao Paulo,20.74,broken clouds
2024-02-20 21:04:32,Sao Paulo,20.95,moderate rain
2024-02-20 22:04:53,Sao Paulo,20.3,light rain
2024-02-20 23:04:58,Sao Paulo,20,mist
2024-02-21 00:17:02,Sao Paulo,20.01,overcast clouds
2024-02-21 01:25:20,Sao Paulo,19.82,broken clouds
2024-02-21 02:09:40,Sao Paulo,19.91,overcast clouds
2024-02-21 03:04:55,Sao Paulo,19.86,broken clouds
2024-02-21 04:05:04,Sao Paulo,19.91,broken clouds
2024-02-21 05:04:52,Sao Paulo,20.11,broken clouds
2024-02-21 06:05:27,Sao Paulo,19.89,scattered clouds
2024-02-21 07:04:37,Sao Paulo,20.27,overcast clouds
2024-02-21 08:06:10,Sao Paulo,20.37,broken clouds
2024-02-21 09:05:42,Sao Paulo,20.57,light rain
2024-02-21 10:05:00,Sao Paulo,20.3,light rain
2024-02-21 11:04:31,Sao Paulo,21.01,light rain
2024-02-21 12:06:34,Sao Paulo,22.19,broken clouds
2024-02-21 13:04:43,Sao Paulo,23.31,broken clouds
2024-02-21 14:04:42,Sao Paulo,23.61,scattered clouds
2024-02-21 15:05:18,Sao Paulo,25.58,broken clouds
2024-02-21 16:06:04,Sao Paulo,25.9,haze
2024-02-21 17:04:33,Sao Paulo,26.1,light rain
2024-02-21 18:05:07,Sao Paulo,24.74,light rain
2024-02-21 19:04:51,Sao Paulo,22.32,light rain
2024-02-21 20:04:44,Sao Paulo,21.7,light rain
2024-02-21 21:04:57,Sao Paulo,20.95,light rain
2024-02-21 22:04:40,Sao Paulo,20.95,light rain
2024-02-21 23:05:47,Sao Paulo,20.83,broken clouds
2024-02-22 00:17:11,Sao Paulo,20.7,light rain
2024-02-22 01:24:42,Sao Paulo,20.43,broken clouds
2024-02-22 02:09:24,Sao Paulo,21.24,broken clouds
2024-02-22 03:05:02,Sao Paulo,20.7,light rain
2024-02-22 04:05:12,Sao Paulo,20.67,scattered clouds
2024-02-22 05:04:34,Sao Paulo,20.84,few clouds
2024-02-22 06:05:41,Sao Paulo,20.84,overcast clouds
2024-02-22 07:05:09,Sao Paulo,20.84,overcast clouds
2024-02-22 08:05:25,Sao Paulo,20.67,broken clouds
2024-02-22 09:04:51,Sao Paulo,20.15,broken clouds
2024-02-22 10:04:43,Sao Paulo,20.15,mist
2024-02-22 11:04:57,Sao Paulo,20.99,mist
2024-02-22 12:06:26,Sao Paulo,22.48,scattered clouds
2024-02-22 13:05:44,Sao Paulo,24.08,few clouds
2024-02-22 14:04:53,Sao Paulo,26.49,few clouds
2024-02-22 15:05:00,Sao Paulo,27.29,light rain
2024-02-22 16:05:00,Sao Paulo,29.19,scattered clouds
2024-02-22 17:04:50,Sao Paulo,29.26,scattered clouds
2024-02-22 18:05:25,Sao Paulo,29.19,scattered clouds
2024-02-22 19:05:03,Sao Paulo,28.72,scattered clouds
2024-02-22 20:04:40,Sao Paulo,26.95,scattered clouds
2024-02-22 21:04:56,Sao Paulo,24.33,scattered clouds
2024-02-22 22:04:41,Sao Paulo,23.46,broken clouds
2024-02-22 23:05:16,Sao Paulo,22.98,mist
2024-02-23 00:16:26,Sao Paulo,23.26,mist
2024-02-23 01:24:20,Sao Paulo,22.94,scattered clouds
2024-02-23 02:09:23,Sao Paulo,23.02,scattered clouds
2024-02-23 03:04:54,Sao Paulo,22.67,few clouds
2024-02-23 04:04:55,Sao Paulo,22.83,clear sky
2024-02-23 05:05:02,Sao Paulo,22.99,clear sky
2024-02-23 06:05:42,Sao Paulo,22.99,clear sky
2024-02-23 07:05:31,Sao Paulo,22.83,clear sky
2024-02-23 08:05:29,Sao Paulo,22.83,clear sky
2024-02-23 09:04:43,Sao Paulo,22.31,clear sky
2024-02-23 10:04:50,Sao Paulo,21.83,clear sky
2024-02-23 11:04:36,Sao Paulo,22.72,clear sky
2024-02-23 12:07:02,Sao Paulo,24.77,clear sky
2024-02-23 13:04:54,Sao Paulo,27.44,light rain
2024-02-23 14:04:50,Sao Paulo,28.24,scattered clouds
2024-02-23 15:05:24,Sao Paulo,29.27,broken clouds
2024-02-23 16:04:50,Sao Paulo,29.99,broken clouds
2024-02-23 17:04:50,Sao Paulo,30.87,broken clouds
2024-02-23 18:05:34,Sao Paulo,30.78,broken clouds
2024-02-23 19:04:30,Sao Paulo,30.18,broken clouds
2024-02-23 20:05:53,Sao Paulo,28.87,thunderstorm
2024-02-23 21:04:37,Sao Paulo,25.04,thunderstorm
2024-02-23 22:04:35,Sao Paulo,24.63,moderate rain
2024-02-23 23:04:46,Sao Paulo,23.32,heavy intensity rain
2024-02-24 00:18:42,Sao Paulo,23.3,moderate rain
2024-02-24 01:22:59,Sao Paulo,22.54,scattered clouds
2024-02-24 02:07:49,Sao Paulo,22.44,scattered clouds
2024-02-24 03:05:26,Sao Paulo,22.9,moderate rain
2024-02-24 04:05:21,Sao Paulo,22.91,scattered clouds
2024-02-24 05:05:02,Sao Paulo,22.76,broken clouds
2024-02-24 06:04:58,Sao Paulo,22.53,broken clouds
2024-02-24 07:04:42,Sao Paulo,22.25,overcast clouds
2024-02-24 08:05:12,Sao Paulo,22.24,overcast clouds
2024-02-24 09:04:45,Sao Paulo,22.47,overcast clouds
2024-02-24 10:04:35,Sao Paulo,22.75,clear sky
2024-02-24 11:04:39,Sao Paulo,23.99,clear sky
2024-02-24 12:05:43,Sao Paulo,25.49,clear sky
2024-02-24 13:05:03,Sao Paulo,28.08,clear sky
2024-02-24 14:04:23,Sao Paulo,27.43,scattered clouds
2024-02-24 15:04:49,Sao Paulo,29.45,scattered clouds
2024-02-24 16:04:42,Sao Paulo,28.78,light rain
2024-02-24 17:05:15,Sao Paulo,24.85,thunderstorm with light rain
2024-02-24 18:05:08,Sao Paulo,23.66,thunderstorm with light rain
2024-02-24 19:04:34,Sao Paulo,23.24,light rain
2024-02-24 20:04:45,Sao Paulo,23.2,light rain
2024-02-24 21:04:55,Sao Paulo,22.9,light rain
2024-02-24 22:04:52,Sao Paulo,22.8,broken clouds
2024-02-24 23:04:50,Sao Paulo,22.64,moderate rain
2024-02-25 00:18:30,Sao Paulo,23.26,few clouds
2024-02-25 01:27:38,Sao Paulo,22.57,moderate rain
2024-02-25 02:11:26,Sao Paulo,22.57,overcast clouds
2024-02-25 03:05:13,Sao Paulo,22.1,scattered clouds
2024-02-25 04:05:13,Sao Paulo,22.27,overcast clouds
2024-02-25 05:04:39,Sao Paulo,22.23,overcast clouds
2024-02-25 06:05:02,Sao Paulo,21.91,few clouds
2024-02-25 07:05:35,Sao Paulo,21.91,mist
2024-02-25 08:04:55,Sao Paulo,21.62,mist
2024-02-25 09:04:36,Sao Paulo,21.23,mist
2024-02-25 10:04:42,Sao Paulo,21.75,mist
2024-02-25 11:04:26,Sao Paulo,22.72,mist
2024-02-25 12:06:24,Sao Paulo,24.04,mist
2024-02-25 13:04:58,Sao Paulo,24.32,mist
2024-02-25 14:04:43,Sao Paulo,25.61,mist
2024-02-25 15:04:33,Sao Paulo,26.41,light rain
2024-02-25 16:06:02,Sao Paulo,26.9,broken clouds
2024-02-25 17:04:55,Sao Paulo,28.68,scattered clouds
2024-02-25 18:05:04,Sao Paulo,27.79,scattered clouds
2024-02-25 19:04:45,Sao Paulo,27.4,scattered clouds
2024-02-25 20:04:43,Sao Paulo,27.27,scattered clouds
2024-02-25 21:04:41,Sao Paulo,26.09,scattered clouds
2024-02-25 22:04:49,Sao Paulo,24.97,scattered clouds
2024-02-25 23:04:46,Sao Paulo,24.15,broken clouds
2024-02-26 00:17:31,Sao Paulo,23.26,broken clouds
2024-02-26 01:26:08,Sao Paulo,23.26,broken clouds
2024-02-26 02:11:22,Sao Paulo,23.47,overcast clouds
2024-02-26 03:05:21,Sao Paulo,23.05,broken clouds
2024-02-26 04:05:03,Sao Paulo,23.22,scattered clouds
2024-02-26 05:04:50,Sao Paulo,22.63,broken clouds
2024-02-26 06:05:58,Sao Paulo,22.44,few clouds
2024-02-26 07:04:43,Sao Paulo,22.49,broken clouds
2024-02-26 08:05:34,Sao Paulo,22.49,overcast clouds
2024-02-26 09:05:05,Sao Paulo,22.49,scattered clouds
2024-02-26 10:05:18,Sao Paulo,22.19,scattered clouds
2024-02-26 11:04:38,Sao Paulo,22.19,clear sky
2024-02-26 12:06:33,Sao Paulo,23.47,few clouds
2024-02-26 13:04:38,Sao Paulo,24.38,broken clouds
2024-02-26 14:04:57,Sao Paulo,25.13,broken clouds
2024-02-26 15:05:04,Sao Paulo,26.37,light rain
2024-02-26 16:05:22,Sao Paulo,27.33,light rain
2024-02-26 17:05:01,Sao Paulo,26.33,light rain
2024-02-26 18:05:03,Sao Paulo,26.41,light rain
2024-02-26 19:04:45,Sao Paulo,26.57,scattered clouds
2024-02-26 20:05:02,Sao Paulo,25.76,broken clouds
2024-02-26 21:05:32,Sao Paulo,24.56,broken clouds
2024-02-26 22:05:23,Sao Paulo,23.44,broken clouds
2024-02-26 23:05:11,Sao Paulo,23.56,overcast clouds
2024-02-27 00:17:16,Sao Paulo,24.03,overcast clouds
2024-02-27 01:24:24,Sao Paulo,23.22,broken clouds
2024-02-27 02:08:56,Sao Paulo,22.66,broken clouds
2024-02-27 03:04:51,Sao Paulo,22.81,broken clouds
2024-02-27 04:05:47,Sao Paulo,22.43,overcast clouds
2024-02-27 05:04:47,Sao Paulo,22.77,overcast clouds
2024-02-27 06:05:22,Sao Paulo,22.77,overcast clouds
2024-02-27 07:05:15,Sao Paulo,22.33,overcast clouds
2024-02-27 08:05:26,Sao Paulo,22.83,overcast clouds
2024-02-27 09:04:44,Sao Paulo,22.99,broken clouds
2024-02-27 10:04:57,Sao Paulo,22.19,mist
2024-02-27 11:04:29,Sao Paulo,23.21,few clouds
2024-02-27 12:06:15,Sao Paulo,24.89,few clouds
2024-02-27 13:04:37,Sao Paulo,26.3,clear sky
2024-02-27 14:04:40,Sao Paulo,27.83,clear sky
2024-02-27 15:04:50,Sao Paulo,29.21,scattered clouds
2024-02-27 16:04:58,Sao Paulo,30.1,scattered clouds
2024-02-27 17:04:51,Sao Paulo,30.81,scattered clouds
2024-02-27 18:05:18,Sao Paulo,29.94,scattered clouds
2024-02-27 19:04:46,Sao Paulo,31.25,scattered clouds
2024-02-27 20:05:10,Sao Paulo,30.42,scattered clouds
2024-02-27 21:04:37,Sao Paulo,30.24,scattered clouds
2024-02-27 22:05:02,Sao Paulo,29.14,few clouds
2024-02-27 23:04:55,Sao Paulo,28.33,few clouds
2024-02-28 00:16:28,Sao Paulo,27.65,clear sky
2024-02-28 01:25:10,Sao Paulo,26.18,clear sky
2024-02-28 02:09:44,Sao Paulo,26.58,clear sky
2024-02-28 03:04:55,Sao Paulo,25.59,clear sky
2024-02-28 04:05:34,Sao Paulo,23.89,light rain
2024-02-28 05:04:52,Sao Paulo,23.85,broken clouds
2024-02-28 06:05:32,Sao Paulo,23.62,heavy intensity rain
2024-02-28 07:04:40,Sao Paulo,23.78,light rain
2024-02-28 08:05:32,Sao Paulo,23.78,clear sky
2024-02-28 09:04:54,Sao Paulo,23.84,clear sky
2024-02-28 10:04:44,Sao Paulo,23.63,clear sky
2024-02-28 11:04:50,Sao Paulo,23.75,clear sky
2024-02-28 12:06:28,Sao Paulo,27.08,light rain
2024-02-28 13:04:43,Sao Paulo,28.21,clear sky
2024-02-28 14:04:39,Sao Paulo,28.96,scattered clouds
2024-02-28 15:04:47,Sao Paulo,29.36,light rain
2024-02-28 16:05:02,Sao Paulo,30.24,broken clouds
2024-02-28 17:04:56,Sao Paulo,29.59,broken clouds
2024-02-28 18:04:55,Sao Paulo,27.84,moderate rain
2024-02-28 19:04:28,Sao Paulo,27.96,thunderstorm with heavy rain
2024-02-28 20:05:00,Sao Paulo,24.6,thunderstorm with light rain
2024-02-28 21:05:12,Sao Paulo,24.23,heavy intensity rain
2024-02-28 22:04:55,Sao Paulo,23.85,thunderstorm
2024-02-28 23:04:40,Sao Paulo,23.83,light rain
2024-02-29 00:17:03,Sao Paulo,23.82,light rain
2024-02-29 01:24:25,Sao Paulo,23.35,light rain
2024-02-29 02:08:28,Sao Paulo,23.42,light rain
2024-02-29 03:04:55,Sao Paulo,23.3,broken clouds
2024-02-29 04:04:53,Sao Paulo,23.62,clear sky
2024-02-29 05:06:10,Sao Paulo,23.38,scattered clouds
2024-02-29 06:05:45,Sao Paulo,23.22,broken clouds
2024-02-29 07:05:27,Sao Paulo,23.22,broken clouds
2024-02-29 08:05:30,Sao Paulo,23.22,broken clouds
2024-02-29 09:04:40,Sao Paulo,22.83,broken clouds
2024-02-29 10:04:47,Sao Paulo,22.65,scattered clouds
2024-02-29 11:04:28,Sao Paulo,23.85,broken clouds
2024-02-29 12:07:18,Sao Paulo,25.22,scattered clouds
2024-02-29 13:04:48,Sao Paulo,26.11,broken clouds
2024-02-29 14:06:10,Sao Paulo,25.71,shower rain
2024-02-29 15:04:45,Sao Paulo,27.27,broken clouds
2024-02-29 16:04:54,Sao Paulo,28.46,clear sky
2024-02-29 17:04:35,Sao Paulo,30.05,clear sky
2024-02-29 18:05:51,Sao Paulo,30.62,broken clouds
2024-02-29 19:04:27,Sao Paulo,30.55,scattered clouds
2024-02-29 20:05:30,Sao Paulo,29.42,light rain
2024-02-29 21:06:00,Sao Paulo,28.42,few clouds
2024-02-29 22:04:33,Sao Paulo,25.35,moderate rain
2024-02-29 23:04:50,Sao Paulo,24,clear sky
2024-03-01 00:19:14,Sao Paulo,23.71,moderate rain
2024-03-01 01:28:50,Sao Paulo,22.93,scattered clouds
2024-03-01 02:12:50,Sao Paulo,23.11,few clouds
2024-03-01 03:06:37,Sao Paulo,22.93,light rain
2024-03-01 04:05:54,Sao Paulo,23.11,scattered clouds
2024-03-01 05:05:01,Sao Paulo,23.39,few clouds
2024-03-01 06:05:42,Sao Paulo,23.3,clear sky
2024-03-01 07:04:47,Sao Paulo,23.15,clear sky
2024-03-01 08:05:18,Sao Paulo,22.99,clear sky
2024-03-01 09:05:40,Sao Paulo,22.99,clear sky
2024-03-01 10:05:09,Sao Paulo,22.17,clear sky
2024-03-01 11:04:32,Sao Paulo,23.25,clear sky
2024-03-01 12:06:29,Sao Paulo,24.24,clear sky
2024-03-01 13:04:41,Sao Paulo,25.62,scattered clouds
2024-03-01 14:04:36,Sao Paulo,27.17,scattered clouds
2024-03-01 15:04:54,Sao Paulo,27.04,broken clouds
2024-03-01 16:04:48,Sao Paulo,28.18,light rain
2024-03-01 17:05:25,Sao Paulo,28.32,broken clouds
2024-03-01 18:04:53,Sao Paulo,28.12,scattered clouds
2024-03-01 19:04:52,Sao Paulo,26.8,scattered clouds
2024-03-01 20:05:08,Sao Paulo,25.02,scattered clouds
2024-03-01 21:05:15,Sao Paulo,24.4,scattered clouds
2024-03-01 22:04:33,Sao Paulo,23.26,light rain
2024-03-01 23:04:40,Sao Paulo,22.21,heavy intensity rain
2024-03-02 00:16:19,Sao Paulo,21.73,scattered clouds
2024-03-02 01:23:43,Sao Paulo,21.11,few clouds
2024-03-02 02:07:55,Sao Paulo,21.57,few clouds
2024-03-02 03:05:09,Sao Paulo,21.15,few clouds
2024-03-02 04:04:58,Sao Paulo,21.04,broken clouds
2024-03-02 05:05:06,Sao Paulo,20.95,scattered clouds
2024-03-02 06:05:25,Sao Paulo,20.9,broken clouds
2024-03-02 07:04:36,Sao Paulo,20.9,broken clouds
2024-03-02 08:04:53,Sao Paulo,20.73,broken clouds
2024-03-02 09:04:46,Sao Paulo,20.73,broken clouds
2024-03-02 10:04:55,Sao Paulo,20.54,broken clouds
2024-03-02 11:04:32,Sao Paulo,20.55,broken clouds
2024-03-02 12:05:30,Sao Paulo,21.41,broken clouds
2024-03-02 13:04:25,Sao Paulo,22.96,scattered clouds
2024-03-02 14:04:20,Sao Paulo,23.69,broken clouds
2024-03-02 15:04:37,Sao Paulo,25.41,broken clouds
2024-03-02 16:04:55,Sao Paulo,26.17,scattered clouds
2024-03-02 17:04:38,Sao Paulo,26.91,scattered clouds
2024-03-02 18:04:45,Sao Paulo,26.65,scattered clouds
2024-03-02 19:04:30,Sao Paulo,27.53,scattered clouds
2024-03-02 20:04:33,Sao Paulo,26.13,few clouds
2024-03-02 21:04:33,Sao Paulo,24.15,few clouds
2024-03-02 22:04:36,Sao Paulo,22.68,scattered clouds
2024-03-02 23:05:18,Sao Paulo,21.67,broken clouds
2024-03-03 00:18:22,Sao Paulo,21.78,scattered clouds
2024-03-03 01:26:59,Sao Paulo,21.38,broken clouds
2024-03-03 02:11:15,Sao Paulo,21.76,broken clouds
2024-03-03 03:04:50,Sao Paulo,21.15,scattered clouds
2024-03-03 04:04:57,Sao Paulo,21.3,few clouds
2024-03-03 05:04:49,Sao Paulo,21.07,broken clouds
2024-03-03 06:05:54,Sao Paulo,21,overcast clouds
2024-03-03 07:04:35,Sao Paulo,20.85,scattered clouds
2024-03-03 08:05:32,Sao Paulo,20.38,few clouds
2024-03-03 09:05:08,Sao Paulo,20.38,few clouds
2024-03-03 10:04:50,Sao Paulo,19.64,broken clouds
2024-03-03 11:04:37,Sao Paulo,20.66,clear sky
2024-03-03 12:06:38,Sao Paulo,22.22,clear sky
2024-03-03 13:04:36,Sao Paulo,25.18,clear sky
2024-03-03 14:05:18,Sao Paulo,26.43,clear sky
2024-03-03 15:04:46,Sao Paulo,28.18,clear sky
2024-03-03 16:04:44,Sao Paulo,30.5,scattered clouds
2024-03-03 17:04:26,Sao Paulo,29.81,broken clouds
2024-03-03 18:05:12,Sao Paulo,30.91,broken clouds
2024-03-03 19:04:19,Sao Paulo,30.03,broken clouds
2024-03-03 20:05:32,Sao Paulo,28.88,broken clouds
2024-03-03 21:04:36,Sao Paulo,25.56,scattered clouds
2024-03-03 22:04:23,Sao Paulo,24.15,scattered clouds
2024-03-03 23:04:47,Sao Paulo,23.26,broken clouds
2024-03-04 00:17:37,Sao Paulo,23.47,clear sky
2024-03-04 01:27:57,Sao Paulo,23.15,clear sky
2024-03-04 02:25:55,Sao Paulo,22.95,clear sky
2024-03-04 03:25:06,Sao Paulo,23.57,clear sky
2024-03-04 04:20:43,Sao Paulo,23.22,clear sky
2024-03-04 05:22:01,Sao Paulo,22.99,clear sky
2024-03-04 06:24:06,Sao Paulo,22.31,clear sky
2024-03-04 07:32:44,Sao Paulo,21.91,clear sky
2024-03-04 08:22:43,Sao Paulo,22.01,clear sky
2024-03-04 09:48:48,Sao Paulo,21.05,clear sky
2024-03-04 10:48:38,Sao Paulo,21.97,clear sky
2024-03-04 11:36:46,Sao Paulo,23.89,clear sky
2024-03-04 12:10:49,Sao Paulo,26.06,clear sky
2024-03-04 13:05:49,Sao Paulo,25.66,clear sky
2024-03-04 14:04:50,Sao Paulo,28.19,clear sky
2024-03-04 15:05:16,Sao Paulo,29.19,clear sky
2024-03-04 16:05:40,Sao Paulo,30.29,scattered clouds
2024-03-04 17:05:03,Sao Paulo,30.96,broken clouds
2024-03-04 18:05:08,Sao Paulo,29.9,broken clouds
2024-03-04 19:04:46,Sao Paulo,30,light rain
2024-03-04 20:04:47,Sao Paulo,28.46,light rain
2024-03-04 21:05:10,Sao Paulo,24.8,scattered clouds
2024-03-04 22:04:32,Sao Paulo,24.41,light rain
2024-03-04 23:05:10,Sao Paulo,23.88,broken clouds
2024-03-05 00:16:49,Sao Paulo,23.8,broken clouds
2024-03-05 01:24:33,Sao Paulo,23.3,clear sky
2024-03-05 02:09:21,Sao Paulo,23.32,broken clouds
2024-03-05 03:05:09,Sao Paulo,23.12,scattered clouds
2024-03-05 04:05:12,Sao Paulo,23.36,few clouds
2024-03-05 05:04:52,Sao Paulo,23.07,few clouds
2024-03-05 06:05:30,Sao Paulo,22.45,scattered clouds
2024-03-05 07:04:35,Sao Paulo,22.45,few clouds
2024-03-05 08:06:04,Sao Paulo,22.12,few clouds
2024-03-05 09:04:47,Sao Paulo,21.89,few clouds
2024-03-05 10:05:48,Sao Paulo,21.94,scattered clouds
2024-03-05 11:04:49,Sao Paulo,23,scattered clouds
2024-03-05 12:06:19,Sao Paulo,24.24,clear sky
2024-03-05 13:04:52,Sao Paulo,25.91,clear sky
2024-03-05 14:05:00,Sao Paulo,27.34,clear sky
2024-03-05 15:04:51,Sao Paulo,28.57,broken clouds
2024-03-05 16:04:56,Sao Paulo,29.76,broken clouds
2024-03-05 17:05:16,Sao Paulo,30.86,broken clouds
2024-03-05 18:04:59,Sao Paulo,29.51,broken clouds
2024-03-05 19:04:52,Sao Paulo,28.55,light rain
2024-03-05 20:04:53,Sao Paulo,25.56,broken clouds
2024-03-05 21:04:58,Sao Paulo,23.67,light rain
2024-03-05 22:05:01,Sao Paulo,22.6,thunderstorm with rain
2024-03-05 23:04:53,Sao Paulo,20.89,thunderstorm with light rain
2024-03-06 00:17:36,Sao Paulo,20.69,scattered clouds
2024-03-06 01:25:05,Sao Paulo,21.2,mist
2024-03-06 02:09:34,Sao Paulo,21.31,heavy intensity rain
2024-03-06 03:04:55,Sao Paulo,22,broken clouds
2024-03-06 04:04:53,Sao Paulo,22.15,broken clouds
2024-03-06 05:04:36,Sao Paulo,22.07,light rain
2024-03-06 06:05:29,Sao Paulo,21.39,moderate rain
2024-03-06 07:04:46,Sao Paulo,21.23,moderate rain
2024-03-06 08:06:28,Sao Paulo,21.39,overcast clouds
2024-03-06 09:04:47,Sao Paulo,21.45,overcast clouds
2024-03-06 10:04:54,Sao Paulo,21.13,clear sky
2024-03-06 11:04:39,Sao Paulo,22.19,clear sky
2024-03-06 12:07:45,Sao Paulo,23.32,clear sky
2024-03-06 13:04:38,Sao Paulo,25.11,clear sky
2024-03-06 14:04:24,Sao Paulo,25.88,broken clouds
2024-03-06 15:04:57,Sao Paulo,25.45,broken clouds
2024-03-06 16:05:33,Sao Paulo,25.29,light rain
2024-03-06 17:05:15,Sao Paulo,25.38,broken clouds
2024-03-06 18:05:01,Sao Paulo,26.06,scattered clouds
2024-03-06 19:04:20,Sao Paulo,25.31,scattered clouds
2024-03-06 20:04:38,Sao Paulo,24.62,light rain
2024-03-06 21:04:53,Sao Paulo,24.1,scattered clouds
2024-03-06 22:05:13,Sao Paulo,22.86,scattered clouds
2024-03-06 23:04:48,Sao Paulo,22.68,broken clouds
2024-03-07 00:14:00,Sao Paulo,21.98,broken clouds
2024-03-07 01:16:55,Sao Paulo,21.52,overcast clouds
2024-03-07 02:04:31,Sao Paulo,21.19,light intensity drizzle
2024-03-07 03:04:33,Sao Paulo,20.98,broken clouds
2024-03-07 04:05:09,Sao Paulo,21.09,overcast clouds
2024-03-07 05:05:26,Sao Paulo,21.09,overcast clouds
2024-03-07 06:06:38,Sao Paulo,21.14,overcast clouds
2024-03-07 07:05:04,Sao Paulo,21.41,overcast clouds
2024-03-07 08:05:03,Sao Paulo,21.41,overcast clouds
2024-03-07 09:04:33,Sao Paulo,21.36,overcast clouds
2024-03-07 10:05:04,Sao Paulo,21.32,broken clouds
2024-03-07 11:04:33,Sao Paulo,21.79,broken clouds
2024-03-07 12:06:49,Sao Paulo,22.92,broken clouds
2024-03-07 13:04:45,Sao Paulo,22.58,broken clouds
2024-03-07 14:05:28,Sao Paulo,24.35,broken clouds
2024-03-07 15:05:03,Sao Paulo,25.92,broken clouds
2024-03-07 16:04:59,Sao Paulo,25.99,broken clouds
2024-03-07 17:04:45,Sao Paulo,26.41,broken clouds
2024-03-07 18:05:00,Sao Paulo,27.02,broken clouds
2024-03-07 19:04:39,Sao Paulo,25.9,broken clouds
2024-03-07 20:04:45,Sao Paulo,24.87,broken clouds
2024-03-07 21:04:28,Sao Paulo,23.91,broken clouds
2024-03-07 22:04:45,Sao Paulo,23.7,broken clouds
2024-03-07 23:04:37,Sao Paulo,22.98,broken clouds
2024-03-08 00:17:28,Sao Paulo,23.52,overcast clouds
2024-03-08 01:24:46,Sao Paulo,23.26,broken clouds
2024-03-08 02:09:35,Sao Paulo,23.52,overcast clouds
2024-03-08 03:04:47,Sao Paulo,23.02,broken clouds
2024-03-08 04:04:53,Sao Paulo,23.16,overcast clouds
2024-03-08 05:05:24,Sao Paulo,23.11,overcast clouds
2024-03-08 06:05:24,Sao Paulo,22.84,overcast clouds
2024-03-08 07:04:41,Sao Paulo,22.77,overcast clouds
2024-03-08 08:05:05,Sao Paulo,22.49,overcast clouds
2024-03-08 09:04:44,Sao Paulo,22.63,overcast clouds
2024-03-08 10:05:41,Sao Paulo,22.5,broken clouds
2024-03-08 11:04:43,Sao Paulo,22.8,broken clouds
2024-03-08 12:06:40,Sao Paulo,23.86,broken clouds
2024-03-08 13:04:44,Sao Paulo,24.75,broken clouds
2024-03-08 14:04:48,Sao Paulo,26.3,broken clouds
2024-03-08 15:05:05,Sao Paulo,27.19,scattered clouds
2024-03-08 16:04:48,Sao Paulo,28.88,scattered clouds
2024-03-08 17:04:54,Sao Paulo,28.47,scattered clouds
2024-03-08 18:05:37,Sao Paulo,27.78,heavy intensity rain
2024-03-08 19:05:48,Sao Paulo,23.3,thunderstorm with light rain
2024-03-08 20:04:42,Sao Paulo,22.79,broken clouds
2024-03-08 21:04:58,Sao Paulo,22.99,broken clouds
2024-03-08 22:05:33,Sao Paulo,22.91,moderate rain
2024-03-08 23:05:07,Sao Paulo,22.95,light rain
2024-03-09 00:16:18,Sao Paulo,23.14,moderate rain
2024-03-09 01:22:31,Sao Paulo,23.02,light rain
2024-03-09 02:06:43,Sao Paulo,22.95,mist
2024-03-09 03:06:54,Sao Paulo,22.8,mist
2024-03-09 04:04:45,Sao Paulo,22.15,light rain
2024-03-09 05:05:35,Sao Paulo,22.15,few clouds
2024-03-09 06:06:31,Sao Paulo,22.15,few clouds
2024-03-09 07:04:37,Sao Paulo,21.91,few clouds
2024-03-09 08:05:06,Sao Paulo,21.91,scattered clouds
2024-03-09 09:04:43,Sao Paulo,21.91,scattered clouds
2024-03-09 10:04:44,Sao Paulo,21.79,clear sky
2024-03-09 11:05:03,Sao Paulo,22.19,clear sky
2024-03-09 12:05:36,Sao Paulo,23.99,clear sky
2024-03-09 13:04:36,Sao Paulo,25.27,clear sky
2024-03-09 14:05:01,Sao Paulo,26.79,broken clouds
2024-03-09 15:04:31,Sao Paulo,27.68,broken clouds
2024-03-09 16:04:42,Sao Paulo,28.96,broken clouds
2024-03-09 17:04:25,Sao Paulo,29.29,light rain
2024-03-09 18:04:38,Sao Paulo,29.49,scattered clouds
2024-03-09 19:04:41,Sao Paulo,30.03,scattered clouds
2024-03-09 20:04:36,Sao Paulo,28.97,light rain
2024-03-09 21:05:17,Sao Paulo,27,broken clouds
2024-03-09 22:05:03,Sao Paulo,26.17,broken clouds
2024-03-09 23:04:50,Sao Paulo,25.55,broken clouds
2024-03-10 00:18:55,Sao Paulo,25.84,broken clouds
2024-03-10 01:27:52,Sao Paulo,24.49,scattered clouds
2024-03-10 02:12:51,Sao Paulo,24.46,moderate rain
2024-03-10 03:05:12,Sao Paulo,23.95,moderate rain
2024-03-10 04:05:09,Sao Paulo,23.38,heavy intensity rain
2024-03-10 05:04:34,Sao Paulo,23.38,moderate rain
2024-03-10 06:04:56,Sao Paulo,23.71,overcast clouds
2024-03-10 07:05:02,Sao Paulo,23.38,broken clouds
2024-03-10 08:04:53,Sao Paulo,23.22,scattered clouds
2024-03-10 09:04:34,Sao Paulo,22.7,broken clouds
2024-03-10 10:04:31,Sao Paulo,22.5,few clouds
2024-03-10 11:04:28,Sao Paulo,23.3,broken clouds
2024-03-10 12:05:46,Sao Paulo,23.75,broken clouds
2024-03-10 13:04:58,Sao Paulo,24.54,broken clouds
2024-03-10 14:04:47,Sao Paulo,26.11,light rain
2024-03-10 15:04:32,Sao Paulo,26.78,moderate rain
2024-03-10 16:04:40,Sao Paulo,26.85,moderate rain
2024-03-10 17:04:36,Sao Paulo,26.57,light rain
2024-03-10 18:04:49,Sao Paulo,25.78,light rain
2024-03-10 19:04:33,Sao Paulo,25.43,broken clouds
2024-03-10 20:04:54,Sao Paulo,25.19,broken clouds
2024-03-10 21:04:35,Sao Paulo,24.99,scattered clouds
2024-03-10 22:04:52,Sao Paulo,23.66,scattered clouds
2024-03-10 23:04:31,Sao Paulo,23.32,scattered clouds
2024-03-11 00:17:50,Sao Paulo,22.63,scattered clouds
2024-03-11 01:25:33,Sao Paulo,22.38,scattered clouds
2024-03-11 02:10:50,Sao Paulo,21.7,overcast clouds
2024-03-11 03:05:10,Sao Paulo,21.67,scattered clouds
2024-03-11 04:05:17,Sao Paulo,22.22,broken clouds
2024-03-11 05:05:08,Sao Paulo,22.01,overcast clouds
2024-03-11 06:05:25,Sao Paulo,20.83,overcast clouds
2024-03-11 07:05:30,Sao Paulo,21.41,scattered clouds
2024-03-11 08:05:57,Sao Paulo,21.04,broken clouds
2024-03-11 09:05:25,Sao Paulo,20.52,scattered clouds
2024-03-11 10:05:38,Sao Paulo,20.43,scattered clouds
2024-03-11 11:05:12,Sao Paulo,20.94,scattered clouds
2024-03-11 12:06:30,Sao Paulo,22.44,scattered clouds
2024-03-11 13:04:43,Sao Paulo,23.16,scattered clouds
2024-03-11 14:04:49,Sao Paulo,24.7,scattered clouds
2024-03-11 15:05:11,Sao Paulo,25.5,few clouds
2024-03-11 16:04:59,Sao Paulo,26.46,few clouds
2024-03-11 17:05:17,Sao Paulo,26.46,few clouds
2024-03-11 18:05:15,Sao Paulo,26.84,scattered clouds
2024-03-11 19:04:57,Sao Paulo,25.76,broken clouds
2024-03-11 20:05:27,Sao Paulo,24.49,broken clouds
2024-03-11 21:05:31,Sao Paulo,22.75,broken clouds
2024-03-11 22:04:31,Sao Paulo,21.97,broken clouds
2024-03-11 23:05:10,Sao Paulo,20.81,scattered clouds
2024-03-12 00:16:44,Sao Paulo,20.34,scattered clouds
2024-03-12 01:24:27,Sao Paulo,19.89,scattered clouds
2024-03-12 02:09:18,Sao Paulo,19.96,scattered clouds
2024-03-12 03:05:27,Sao Paulo,19.58,few clouds
2024-03-12 04:05:30,Sao Paulo,19.6,broken clouds
2024-03-12 05:05:01,Sao Paulo,19.39,few clouds
2024-03-12 06:05:29,Sao Paulo,18.92,few clouds
2024-03-12 07:04:52,Sao Paulo,18.97,few clouds
2024-03-12 08:05:32,Sao Paulo,18.71,clear sky
2024-03-12 09:05:30,Sao Paulo,18.35,clear sky
2024-03-12 10:04:56,Sao Paulo,19.03,clear sky
2024-03-12 11:04:42,Sao Paulo,19.13,clear sky
2024-03-12 12:06:22,Sao Paulo,21.45,clear sky
2024-03-12 13:04:43,Sao Paulo,22.79,clear sky
2024-03-12 14:04:52,Sao Paulo,24.64,clear sky
2024-03-12 15:04:49,Sao Paulo,25.98,clear sky
2024-03-12 16:05:36,Sao Paulo,26.37,clear sky
2024-03-12 17:04:57,Sao Paulo,28.1,scattered clouds
2024-03-12 18:05:26,Sao Paulo,27.06,scattered clouds
2024-03-12 19:04:36,Sao Paulo,24.45,broken clouds
2024-03-12 20:04:51,Sao Paulo,22.69,broken clouds
2024-03-12 21:05:31,Sao Paulo,22.55,broken clouds
2024-03-12 22:04:39,Sao Paulo,21.8,broken clouds
2024-03-12 23:05:23,Sao Paulo,21.29,broken clouds
2024-03-13 00:16:58,Sao Paulo,21.3,overcast clouds
2024-03-13 01:26:26,Sao Paulo,21.11,overcast clouds
2024-03-13 02:10:54,Sao Paulo,21.57,overcast clouds
2024-03-13 03:05:36,Sao Paulo,21.12,overcast clouds
2024-03-13 04:04:53,Sao Paulo,21.3,broken clouds
2024-03-13 05:05:22,Sao Paulo,21.62,overcast clouds
2024-03-13 06:05:54,Sao Paulo,21.57,broken clouds
2024-03-13 07:04:43,Sao Paulo,21.41,overcast clouds
2024-03-13 08:05:15,Sao Paulo,21.41,overcast clouds
2024-03-13 09:05:27,Sao Paulo,20.88,overcast clouds
2024-03-13 10:04:51,Sao Paulo,21.1,broken clouds
2024-03-13 11:04:58,Sao Paulo,22.4,broken clouds
2024-03-13 12:07:10,Sao Paulo,22.97,scattered clouds
2024-03-13 13:04:44,Sao Paulo,24.94,clear sky
2024-03-13 14:04:48,Sao Paulo,26.82,clear sky
2024-03-13 15:05:09,Sao Paulo,29.01,clear sky
2024-03-13 16:05:01,Sao Paulo,29.73,clear sky
2024-03-13 17:05:00,Sao Paulo,30.72,scattered clouds
2024-03-13 18:05:04,Sao Paulo,30.38,broken clouds
2024-03-13 19:05:04,Sao Paulo,26.21,clear sky
2024-03-13 20:04:45,Sao Paulo,25.3,clear sky
2024-03-13 21:04:47,Sao Paulo,23.99,clear sky
2024-03-13 22:05:00,Sao Paulo,23.16,broken clouds
2024-03-13 23:05:06,Sao Paulo,22.48,broken clouds
2024-03-14 00:16:40,Sao Paulo,22.24,broken clouds
2024-03-14 01:24:46,Sao Paulo,22.03,mist
2024-03-14 02:09:35,Sao Paulo,22.12,mist
2024-03-14 03:05:07,Sao Paulo,22,mist
2024-03-14 04:04:57,Sao Paulo,22.12,broken clouds
2024-03-14 05:04:49,Sao Paulo,21.96,few clouds
2024-03-14 06:05:32,Sao Paulo,22.01,few clouds
2024-03-14 07:05:12,Sao Paulo,21.75,few clouds
2024-03-14 08:05:42,Sao Paulo,21.8,broken clouds
2024-03-14 09:04:53,Sao Paulo,21.8,mist
2024-03-14 10:05:02,Sao Paulo,21.35,mist
2024-03-14 11:04:55,Sao Paulo,21.94,mist
2024-03-14 12:07:40,Sao Paulo,26.21,scattered clouds
2024-03-14 13:04:51,Sao Paulo,26.56,clear sky
2024-03-14 14:04:58,Sao Paulo,28.2,clear sky
2024-03-14 15:05:19,Sao Paulo,31.41,few clouds
2024-03-14 16:05:26,Sao Paulo,30.96,scattered clouds
2024-03-14 17:04:46,Sao Paulo,31.95,scattered clouds
2024-03-14 18:05:03,Sao Paulo,31.91,clear sky
2024-03-14 19:04:35,Sao Paulo,32.34,clear sky
2024-03-14 20:04:49,Sao Paulo,31.84,clear sky
2024-03-14 21:05:27,Sao Paulo,29.73,clear sky
2024-03-14 22:04:43,Sao Paulo,27.41,broken clouds
2024-03-14 23:04:38,Sao Paulo,27.4,clear sky
2024-03-15 00:16:55,Sao Paulo,27.56,clear sky
2024-03-15 01:25:28,Sao Paulo,26.69,clear sky
2024-03-15 02:10:27,Sao Paulo,27.13,clear sky
2024-03-15 03:04:57,Sao Paulo,26.39,clear sky
2024-03-15 04:06:05,Sao Paulo,26.09,clear sky
2024-03-15 05:04:52,Sao Paulo,25.84,clear sky
2024-03-15 06:05:41,Sao Paulo,25.15,clear sky
2024-03-15 07:04:38,Sao Paulo,24.46,clear sky
2024-03-15 08:05:34,Sao Paulo,24.3,clear sky
2024-03-15 09:04:53,Sao Paulo,24.07,clear sky
2024-03-15 10:04:46,Sao Paulo,23.22,clear sky
2024-03-15 11:04:28,Sao Paulo,24.17,clear sky
2024-03-15 12:06:28,Sao Paulo,26.88,clear sky
2024-03-15 13:05:08,Sao Paulo,28.6,clear sky
2024-03-15 14:05:12,Sao Paulo,29.64,clear sky
2024-03-15 15:04:56,Sao Paulo,31.17,few clouds
2024-03-15 16:05:39,Sao Paulo,33.1,scattered clouds
2024-03-15 17:04:30,Sao Paulo,32.31,scattered clouds
2024-03-15 18:05:53,Sao Paulo,32.96,clear sky
2024-03-15 19:04:30,Sao Paulo,32.98,clear sky
2024-03-15 20:10:01,Sao Paulo,32.9,clear sky
2024-03-15 21:04:28,Sao Paulo,31.73,clear sky
2024-03-15 22:04:58,Sao Paulo,29.99,clear sky
2024-03-15 23:04:40,Sao Paulo,28.96,clear sky
2024-03-16 00:16:30,Sao Paulo,28.82,broken clouds
2024-03-16 01:23:41,Sao Paulo,27.54,clear sky
2024-03-16 02:09:14,Sao Paulo,27.77,clear sky
2024-03-16 03:05:30,Sao Paulo,27.36,clear sky
2024-03-16 04:05:15,Sao Paulo,27.31,clear sky
2024-03-16 05:04:51,Sao Paulo,26.91,clear sky
2024-03-16 06:05:04,Sao Paulo,26.52,clear sky
2024-03-16 07:04:53,Sao Paulo,25.84,clear sky
2024-03-16 08:05:11,Sao Paulo,25.84,clear sky
2024-03-16 09:04:38,Sao Paulo,25.38,clear sky
2024-03-16 10:04:51,Sao Paulo,24.53,clear sky
2024-03-16 11:04:33,Sao Paulo,25.58,clear sky
2024-03-16 12:06:52,Sao Paulo,27.12,clear sky
2024-03-16 13:04:45,Sao Paulo,30.45,few clouds
2024-03-16 14:04:20,Sao Paulo,31.38,few clouds
2024-03-16 15:04:46,Sao Paulo,31.12,clear sky
2024-03-16 16:04:42,Sao Paulo,31.87,scattered clouds
2024-03-16 17:04:24,Sao Paulo,32.38,scattered clouds
2024-03-16 18:04:48,Sao Paulo,32.31,clear sky
2024-03-16 19:04:19,Sao Paulo,32.85,clear sky
2024-03-16 20:04:45,Sao Paulo,32.93,clear sky
2024-03-16 21:04:44,Sao Paulo,32.02,clear sky
2024-03-16 22:04:35,Sao Paulo,30.66,clear sky
2024-03-16 23:05:10,Sao Paulo,29.68,clear sky
2024-03-17 00:18:59,Sao Paulo,28.87,clear sky
2024-03-17 01:27:55,Sao Paulo,27.72,clear sky
2024-03-17 02:10:47,Sao Paulo,28.6,clear sky
2024-03-17 03:05:07,Sao Paulo,26.77,clear sky
2024-03-17 04:05:13,Sao Paulo,28.21,clear sky
2024-03-17 05:05:43,Sao Paulo,27,clear sky
2024-03-17 06:04:57,Sao Paulo,26.61,clear sky
2024-03-17 07:04:40,Sao Paulo,26.29,clear sky
2024-03-17 08:05:09,Sao Paulo,25.52,clear sky
2024-03-17 09:04:35,Sao Paulo,25.76,clear sky
2024-03-17 10:04:50,Sao Paulo,24.47,clear sky
2024-03-17 11:05:05,Sao Paulo,26.34,clear sky
2024-03-17 12:06:40,Sao Paulo,27.97,clear sky
2024-03-17 13:04:58,Sao Paulo,29.36,clear sky
2024-03-17 14:04:29,Sao Paulo,30.18,clear sky
2024-03-17 15:05:23,Sao Paulo,32.34,clear sky
2024-03-17 16:04:47,Sao Paulo,31.93,scattered clouds
2024-03-17 17:04:30,Sao Paulo,32.94,scattered clouds
2024-03-17 18:04:44,Sao Paulo,33.38,scattered clouds
2024-03-17 19:04:27,Sao Paulo,33.68,scattered clouds
2024-03-17 20:04:43,Sao Paulo,31.23,light rain
2024-03-17 21:06:44,Sao Paulo,29.15,moderate rain
2024-03-17 22:04:55,Sao Paulo,27.25,moderate rain
2024-03-17 23:05:07,Sao Paulo,26,moderate rain
2024-03-18 00:18:14,Sao Paulo,26.16,few clouds
2024-03-18 01:25:44,Sao Paulo,24.82,light rain
2024-03-18 02:09:56,Sao Paulo,24.8,clear sky
2024-03-18 03:05:14,Sao Paulo,24.41,scattered clouds
2024-03-18 04:05:07,Sao Paulo,24.7,clear sky
2024-03-18 05:06:00,Sao Paulo,24.48,clear sky
2024-03-18 06:05:37,Sao Paulo,23.75,clear sky
2024-03-18 07:04:52,Sao Paulo,23.46,clear sky
2024-03-18 08:05:42,Sao Paulo,23.46,clear sky
2024-03-18 09:04:58,Sao Paulo,23.46,light rain
2024-03-18 10:05:11,Sao Paulo,23.01,scattered clouds
2024-03-18 11:04:56,Sao Paulo,23.77,broken clouds
2024-03-18 12:06:22,Sao Paulo,25.73,clear sky
2024-03-18 13:04:46,Sao Paulo,27.51,clear sky
2024-03-18 14:05:27,Sao Paulo,29.52,clear sky
2024-03-18 15:04:42,Sao Paulo,29.46,clear sky
2024-03-18 16:05:46,Sao Paulo,30.95,light rain
2024-03-18 17:05:43,Sao Paulo,30.2,light rain
2024-03-18 18:05:03,Sao Paulo,28.9,broken clouds
2024-03-18 19:04:57,Sao Paulo,26.31,moderate rain
2024-03-18 20:05:00,Sao Paulo,24.24,thunderstorm
2024-03-18 21:05:28,Sao Paulo,24.82,mist
2024-03-18 22:05:40,Sao Paulo,24.35,moderate rain
2024-03-18 23:05:15,Sao Paulo,24.28,mist
2024-03-19 00:17:21,Sao Paulo,24.55,light rain
2024-03-19 01:25:33,Sao Paulo,23.86,light rain
2024-03-19 02:10:08,Sao Paulo,23.83,broken clouds
2024-03-19 03:05:12,Sao Paulo,23.74,light rain
2024-03-19 04:05:21,Sao Paulo,24.07,clear sky
2024-03-19 05:04:51,Sao Paulo,23.91,clear sky
2024-03-19 06:05:38,Sao Paulo,23.46,overcast clouds
2024-03-19 07:04:43,Sao Paulo,23.17,overcast clouds
2024-03-19 08:05:33,Sao Paulo,23.46,scattered clouds
2024-03-19 09:04:54,Sao Paulo,23.22,broken clouds
2024-03-19 10:04:56,Sao Paulo,22.94,mist
2024-03-19 11:04:39,Sao Paulo,24.58,broken clouds
2024-03-19 12:07:08,Sao Paulo,24.42,broken clouds
2024-03-19 13:05:37,Sao Paulo,27.04,clear sky
2024-03-19 14:04:55,Sao Paulo,28.09,clear sky
2024-03-19 15:05:47,Sao Paulo,30.27,scattered clouds
2024-03-19 16:05:09,Sao Paulo,30.19,scattered clouds
2024-03-19 17:05:09,Sao Paulo,30.79,light rain
2024-03-19 18:04:55,Sao Paulo,28.79,heavy intensity rain
2024-03-19 19:04:46,Sao Paulo,25.69,thunderstorm with light rain
2024-03-19 20:04:57,Sao Paulo,24.3,fog
2024-03-19 21:04:36,Sao Paulo,25.19,clear sky
2024-03-19 22:04:42,Sao Paulo,25.01,mist
2024-03-19 23:04:34,Sao Paulo,24.61,clear sky
2024-03-20 00:16:49,Sao Paulo,24.74,overcast clouds
2024-03-20 01:24:55,Sao Paulo,24.26,scattered clouds
2024-03-20 02:09:39,Sao Paulo,24.13,few clouds
2024-03-20 03:04:46,Sao Paulo,23.92,clear sky
2024-03-20 04:05:10,Sao Paulo,24.07,clear sky
2024-03-20 05:04:47,Sao Paulo,24.02,overcast clouds
2024-03-20 06:05:19,Sao Paulo,23.67,few clouds
2024-03-20 07:04:51,Sao Paulo,23.67,overcast clouds
2024-03-20 08:05:16,Sao Paulo,23.15,clear sky
2024-03-20 09:05:12,Sao Paulo,23.15,few clouds
2024-03-20 10:04:55,Sao Paulo,22.58,mist
2024-03-20 11:04:37,Sao Paulo,23.61,overcast clouds
2024-03-20 12:06:47,Sao Paulo,24.66,clear sky
2024-03-20 13:06:55,Sao Paulo,26.16,few clouds
2024-03-20 14:05:02,Sao Paulo,26.55,scattered clouds
2024-03-20 15:04:40,Sao Paulo,28.71,few clouds
2024-03-20 16:05:51,Sao Paulo,29.35,scattered clouds
2024-03-20 17:04:25,Sao Paulo,30.13,moderate rain
2024-03-20 18:05:03,Sao Paulo,29.9,clear sky
2024-03-20 19:04:22,Sao Paulo,30.81,clear sky
2024-03-20 20:05:40,Sao Paulo,29.64,clear sky
2024-03-20 21:05:17,Sao Paulo,28.51,broken clouds
2024-03-20 22:04:37,Sao Paulo,26.66,light rain
2024-03-20 23:06:10,Sao Paulo,26.35,scattered clouds
2024-03-21 00:17:51,Sao Paulo,26.69,clear sky
2024-03-21 01:26:11,Sao Paulo,25.38,clear sky
2024-03-21 02:11:05,Sao Paulo,26,clear sky
2024-03-21 03:06:20,Sao Paulo,25.15,clear sky
2024-03-21 04:05:56,Sao Paulo,24.99,clear sky
2024-03-21 05:04:53,Sao Paulo,24.75,clear sky
2024-03-21 06:05:27,Sao Paulo,24.75,clear sky
2024-03-21 07:05:17,Sao Paulo,24.46,clear sky
2024-03-21 08:05:23,Sao Paulo,24.23,clear sky
2024-03-21 09:04:50,Sao Paulo,24.44,clear sky
2024-03-21 10:04:51,Sao Paulo,23.9,clear sky
2024-03-21 11:04:41,Sao Paulo,24.38,clear sky
2024-03-21 12:06:27,Sao Paulo,26.27,clear sky
2024-03-21 13:05:06,Sao Paulo,27.51,clear sky
2024-03-21 14:05:27,Sao Paulo,28.41,few clouds
2024-03-21 15:05:04,Sao Paulo,29.65,scattered clouds
2024-03-21 16:05:07,Sao Paulo,30.38,scattered clouds
2024-03-21 17:04:40,Sao Paulo,31.82,scattered clouds
2024-03-21 18:05:22,Sao Paulo,31.98,scattered clouds
2024-03-21 19:04:54,Sao Paulo,31.52,scattered clouds
2024-03-21 20:04:45,Sao Paulo,31.43,broken clouds
2024-03-21 21:05:16,Sao Paulo,30.92,scattered clouds
2024-03-21 22:04:38,Sao Paulo,30.22,scattered clouds
2024-03-21 23:04:56,Sao Paulo,28.27,light rain
2024-03-22 00:16:51,Sao Paulo,24.37,moderate rain
2024-03-22 01:24:55,Sao Paulo,23.05,moderate rain
2024-03-22 02:09:40,Sao Paulo,23.22,light rain
2024-03-22 03:05:17,Sao Paulo,23.05,broken clouds
2024-03-22 04:04:55,Sao Paulo,23.16,overcast clouds
2024-03-22 05:05:22,Sao Paulo,22.89,overcast clouds
2024-03-22 06:05:12,Sao Paulo,22.59,mist
2024-03-22 07:04:50,Sao Paulo,21.88,overcast clouds
2024-03-22 08:06:13,Sao Paulo,21.46,overcast clouds
2024-03-22 09:05:37,Sao Paulo,21.09,overcast clouds
2024-03-22 10:04:53,Sao Paulo,20.66,mist
2024-03-22 11:04:49,Sao Paulo,20.81,mist
2024-03-22 12:07:21,Sao Paulo,21.05,light intensity drizzle
2024-03-22 13:04:30,Sao Paulo,21.02,light intensity drizzle
2024-03-22 14:04:47,Sao Paulo,21.19,light intensity drizzle
2024-03-22 15:04:38,Sao Paulo,20.61,drizzle
2024-03-22 16:05:57,Sao Paulo,20.44,light rain
2024-03-22 17:04:34,Sao Paulo,20.28,light intensity drizzle
2024-03-22 18:05:14,Sao Paulo,20.71,light intensity drizzle
2024-03-22 19:04:26,Sao Paulo,19.9,light intensity drizzle
2024-03-22 20:04:55,Sao Paulo,19.55,light intensity drizzle
2024-03-22 21:05:15,Sao Paulo,19.18,mist
2024-03-22 22:04:50,Sao Paulo,18.74,light intensity drizzle
2024-03-22 23:04:42,Sao Paulo,18.22,light intensity drizzle
2024-03-23 00:16:53,Sao Paulo,17.88,overcast clouds
2024-03-23 01:23:45,Sao Paulo,18.05,light rain
2024-03-23 02:10:05,Sao Paulo,18.16,overcast clouds
2024-03-23 03:05:31,Sao Paulo,18.26,scattered clouds
2024-03-23 04:06:03,Sao Paulo,18.52,light rain
2024-03-23 05:04:47,Sao Paulo,18.52,light rain
2024-03-23 06:07:26,Sao Paulo,17.63,overcast clouds
2024-03-23 07:05:51,Sao Paulo,17.84,overcast clouds
2024-03-23 08:04:50,Sao Paulo,17.63,overcast clouds
2024-03-23 09:05:14,Sao Paulo,18.04,light rain
2024-03-23 10:04:41,Sao Paulo,18.02,mist
2024-03-23 11:04:25,Sao Paulo,18.19,mist
2024-03-23 12:06:53,Sao Paulo,18.43,mist
2024-03-23 13:04:28,Sao Paulo,18.52,broken clouds
2024-03-23 14:04:42,Sao Paulo,18.2,moderate rain
2024-03-23 15:05:03,Sao Paulo,18.26,haze
2024-03-23 16:04:37,Sao Paulo,18.16,light rain
2024-03-23 17:04:52,Sao Paulo,18.2,broken clouds
2024-03-23 18:04:47,Sao Paulo,18.19,moderate rain
2024-03-23 19:04:15,Sao Paulo,17.95,light rain
2024-03-23 20:05:35,Sao Paulo,18.15,mist
2024-03-23 21:04:35,Sao Paulo,17.54,mist
2024-03-23 22:04:53,Sao Paulo,17.5,light intensity drizzle
2024-03-23 23:04:42,Sao Paulo,17.25,broken clouds
2024-03-24 00:19:22,Sao Paulo,17.58,moderate rain
2024-03-24 01:29:14,Sao Paulo,17,broken clouds
2024-03-24 02:13:01,Sao Paulo,17.27,overcast clouds
2024-03-24 03:04:46,Sao Paulo,17,broken clouds
2024-03-24 04:04:58,Sao Paulo,17.63,moderate rain
2024-03-24 05:04:55,Sao Paulo,17.27,moderate rain
2024-03-24 06:05:04,Sao Paulo,17.27,moderate rain
2024-03-24 07:04:47,Sao Paulo,17.32,moderate rain
2024-03-24 08:04:53,Sao Paulo,17.27,scattered clouds
2024-03-24 09:05:01,Sao Paulo,17.08,light rain
2024-03-24 10:04:56,Sao Paulo,17,moderate rain
2024-03-24 11:04:30,Sao Paulo,17.25,moderate rain
2024-03-24 12:06:13,Sao Paulo,17.74,broken clouds
2024-03-24 13:04:54,Sao Paulo,18.81,broken clouds
2024-03-24 14:04:41,Sao Paulo,19.49,broken clouds
2024-03-24 15:04:47,Sao Paulo,20.38,broken clouds
2024-03-24 16:04:50,Sao Paulo,21.41,broken clouds
2024-03-24 17:05:18,Sao Paulo,21.8,broken clouds
2024-03-24 18:05:36,Sao Paulo,22.16,broken clouds
2024-03-24 19:04:38,Sao Paulo,21.76,broken clouds
2024-03-24 20:04:44,Sao Paulo,21.87,light rain
2024-03-24 21:04:33,Sao Paulo,21.32,broken clouds
2024-03-24 22:05:02,Sao Paulo,20.43,light rain
2024-03-24 23:05:17,Sao Paulo,19.92,light rain
2024-03-25 00:18:13,Sao Paulo,19.65,light rain
2024-03-25 01:26:38,Sao Paulo,19.65,broken clouds
2024-03-25 02:11:27,Sao Paulo,19.65,light rain
2024-03-25 03:04:50,Sao Paulo,19.68,broken clouds
2024-03-25 04:06:07,Sao Paulo,19.6,overcast clouds
2024-03-25 05:04:45,Sao Paulo,19.55,overcast clouds
2024-03-25 06:05:39,Sao Paulo,19.65,overcast clouds
2024-03-25 07:04:47,Sao Paulo,19.54,overcast clouds
2024-03-25 08:07:05,Sao Paulo,19.65,few clouds
2024-03-25 09:05:08,Sao Paulo,19.08,clear sky
2024-03-25 10:05:05,Sao Paulo,18.66,clear sky
2024-03-25 11:05:01,Sao Paulo,19.38,scattered clouds
2024-03-25 12:06:43,Sao Paulo,21.41,scattered clouds
2024-03-25 13:04:44,Sao Paulo,22.19,scattered clouds
2024-03-25 14:04:51,Sao Paulo,23.55,broken clouds
2024-03-25 15:05:14,Sao Paulo,24.89,scattered clouds
2024-03-25 16:05:23,Sao Paulo,25.42,broken clouds
2024-03-25 17:05:18,Sao Paulo,25.33,broken clouds
2024-03-25 18:05:49,Sao Paulo,25.88,scattered clouds
2024-03-25 19:04:52,Sao Paulo,25.93,scattered clouds
2024-03-25 20:04:50,Sao Paulo,25.3,broken clouds
2024-03-25 21:04:48,Sao Paulo,22.52,broken clouds
2024-03-25 22:05:16,Sao Paulo,21.56,broken clouds
2024-03-25 23:04:37,Sao Paulo,20.98,broken clouds
2024-03-26 00:16:53,Sao Paulo,20.85,overcast clouds
2024-03-26 01:25:02,Sao Paulo,20.61,broken clouds
2024-03-26 02:09:47,Sao Paulo,20.01,scattered clouds
2024-03-26 03:04:47,Sao Paulo,19.68,scattered clouds
2024-03-26 04:05:12,Sao Paulo,19.39,few clouds
2024-03-26 05:04:48,Sao Paulo,19.34,clear sky
2024-03-26 06:06:13,Sao Paulo,19.02,scattered clouds
2024-03-26 07:04:46,Sao Paulo,18.78,scattered clouds
2024-03-26 08:05:33,Sao Paulo,18.78,broken clouds
2024-03-26 09:04:58,Sao Paulo,18.86,overcast clouds
2024-03-26 10:05:40,Sao Paulo,18.64,clear sky
2024-03-26 11:05:08,Sao Paulo,18.89,clear sky
2024-03-26 12:07:16,Sao Paulo,20.57,clear sky
2024-03-26 13:04:42,Sao Paulo,22.08,clear sky
2024-03-26 14:04:36,Sao Paulo,23.88,few clouds
2024-03-26 15:04:58,Sao Paulo,24.07,scattered clouds
2024-03-26 16:05:38,Sao Paulo,24.65,broken clouds
2024-03-26 17:04:42,Sao Paulo,23.99,broken clouds
2024-03-26 18:05:51,Sao Paulo,23.17,heavy intensity rain
2024-03-26 19:05:08,Sao Paulo,22.46,moderate rain
2024-03-26 20:04:55,Sao Paulo,21.5,broken clouds
2024-03-26 21:04:51,Sao Paulo,20.78,broken clouds
2024-03-26 22:04:55,Sao Paulo,20.33,broken clouds
2024-03-26 23:04:51,Sao Paulo,20.07,broken clouds
2024-03-27 00:16:53,Sao Paulo,19.26,light intensity drizzle
2024-03-27 01:25:39,Sao Paulo,19.41,light intensity drizzle
2024-03-27 02:10:02,Sao Paulo,19.39,moderate rain
2024-03-27 03:04:45,Sao Paulo,19.31,light rain
2024-03-27 04:06:05,Sao Paulo,19.6,overcast clouds
2024-03-27 05:05:35,Sao Paulo,19.55,light rain
2024-03-27 06:05:32,Sao Paulo,19.6,overcast clouds
2024-03-27 07:04:58,Sao Paulo,19.65,overcast clouds
2024-03-27 08:05:33,Sao Paulo,19.45,heavy intensity rain
2024-03-27 09:05:03,Sao Paulo,19.45,light rain
2024-03-27 10:04:45,Sao Paulo,19.31,moderate rain
2024-03-27 11:04:34,Sao Paulo,19.58,heavy intensity rain
2024-03-27 12:06:26,Sao Paulo,19.75,moderate rain
2024-03-27 13:04:59,Sao Paulo,20.4,broken clouds
2024-03-27 14:04:58,Sao Paulo,20.91,broken clouds
2024-03-27 15:05:20,Sao Paulo,20.91,light rain
2024-03-27 16:05:42,Sao Paulo,20.84,light rain
2024-03-27 17:04:42,Sao Paulo,19.83,moderate rain
2024-03-27 18:05:27,Sao Paulo,19.24,light intensity drizzle
2024-03-27 19:04:30,Sao Paulo,19.47,light intensity drizzle
2024-03-27 20:04:52,Sao Paulo,20.09,light rain
2024-03-27 21:04:42,Sao Paulo,20.09,light rain
2024-03-27 22:05:07,Sao Paulo,19.79,broken clouds
2024-03-27 23:04:47,Sao Paulo,19.72,broken clouds
2024-03-28 00:17:20,Sao Paulo,19.39,heavy intensity rain
2024-03-28 01:25:39,Sao Paulo,18.59,light rain
2024-03-28 02:12:24,Sao Paulo,18.71,light rain
2024-03-28 03:04:48,Sao Paulo,18.42,moderate rain
2024-03-28 04:05:07,Sao Paulo,18.62,broken clouds
2024-03-28 05:05:36,Sao Paulo,18.62,light rain
2024-03-28 06:05:33,Sao Paulo,18.62,light rain
2024-03-28 07:04:45,Sao Paulo,18.67,light rain
2024-03-28 08:05:27,Sao Paulo,18.62,moderate rain
2024-03-28 09:05:43,Sao Paulo,18.81,overcast clouds
2024-03-28 10:04:47,Sao Paulo,18.3,light intensity drizzle
2024-03-28 11:04:26,Sao Paulo,18.86,mist
2024-03-28 12:08:02,Sao Paulo,19.84,overcast clouds
2024-03-28 13:04:39,Sao Paulo,19.82,light rain
2024-03-28 14:04:49,Sao Paulo,20.15,broken clouds
2024-03-28 15:05:06,Sao Paulo,20.33,moderate rain
2024-03-28 16:05:00,Sao Paulo,20.59,light rain
2024-03-28 17:04:36,Sao Paulo,20.49,moderate rain
2024-03-28 18:05:50,Sao Paulo,20.99,broken clouds
2024-03-28 19:04:43,Sao Paulo,20.78,broken clouds
2024-03-28 20:04:59,Sao Paulo,20.5,haze
2024-03-28 21:05:17,Sao Paulo,20.09,light intensity drizzle
2024-03-28 22:04:50,Sao Paulo,20.13,light intensity drizzle
2024-03-28 23:04:54,Sao Paulo,19.95,light intensity drizzle
2024-03-29 00:17:08,Sao Paulo,20.06,broken clouds
2024-03-29 01:25:21,Sao Paulo,19.9,mist
2024-03-29 02:10:11,Sao Paulo,20.16,broken clouds
2024-03-29 03:04:45,Sao Paulo,19.9,mist
2024-03-29 04:05:49,Sao Paulo,19.84,broken clouds
2024-03-29 05:05:28,Sao Paulo,19.99,overcast clouds
2024-03-29 06:05:28,Sao Paulo,19.7,broken clouds
2024-03-29 07:05:18,Sao Paulo,19.7,overcast clouds
2024-03-29 08:05:37,Sao Paulo,19.99,overcast clouds
2024-03-29 09:04:44,Sao Paulo,19.99,overcast clouds
2024-03-29 10:05:18,Sao Paulo,19.54,broken clouds
2024-03-29 11:04:56,Sao Paulo,20.55,broken clouds
2024-03-29 12:07:07,Sao Paulo,21.35,broken clouds
2024-03-29 13:04:40,Sao Paulo,22,mist
2024-03-29 14:05:01,Sao Paulo,23.3,scattered clouds
2024-03-29 15:04:40,Sao Paulo,23.9,broken clouds
2024-03-29 16:05:01,Sao Paulo,24.45,broken clouds
2024-03-29 17:05:22,Sao Paulo,25.33,broken clouds
2024-03-29 18:05:03,Sao Paulo,25.38,light rain
2024-03-29 19:05:06,Sao Paulo,25.04,light rain
2024-03-29 20:05:06,Sao Paulo,25.26,broken clouds
2024-03-29 21:04:30,Sao Paulo,25.2,scattered clouds
2024-03-29 22:04:36,Sao Paulo,23.23,scattered clouds
2024-03-29 23:04:38,Sao Paulo,22.54,scattered clouds
2024-03-30 00:16:26,Sao Paulo,21.96,overcast clouds
2024-03-30 01:23:36,Sao Paulo,21.57,scattered clouds
2024-03-30 02:08:04,Sao Paulo,21.46,scattered clouds
2024-03-30 03:05:48,Sao Paulo,21.1,scattered clouds
2024-03-30 04:05:15,Sao Paulo,21.3,overcast clouds
2024-03-30 05:04:34,Sao Paulo,21.3,overcast clouds
2024-03-30 06:04:56,Sao Paulo,20.61,overcast clouds
2024-03-30 07:05:02,Sao Paulo,20.61,overcast clouds
2024-03-30 08:05:37,Sao Paulo,20.38,overcast clouds
2024-03-30 09:04:35,Sao Paulo,20.22,overcast clouds
2024-03-30 10:05:31,Sao Paulo,19.65,broken clouds
2024-03-30 11:04:55,Sao Paulo,20.31,broken clouds
2024-03-30 12:05:43,Sao Paulo,21.81,broken clouds
2024-03-30 13:05:58,Sao Paulo,23.47,broken clouds
2024-03-30 14:04:29,Sao Paulo,24.65,broken clouds
2024-03-30 15:04:47,Sao Paulo,25.89,scattered clouds
2024-03-30 16:05:41,Sao Paulo,26.57,scattered clouds
2024-03-30 17:04:25,Sao Paulo,26.64,scattered clouds
2024-03-30 18:05:55,Sao Paulo,27.02,scattered clouds
2024-03-30 19:05:07,Sao Paulo,26.35,scattered clouds
2024-03-30 20:04:43,Sao Paulo,25.55,clear sky
2024-03-30 21:04:38,Sao Paulo,23.72,scattered clouds
2024-03-30 22:04:34,Sao Paulo,22.64,scattered clouds
2024-03-30 23:04:38,Sao Paulo,21.12,scattered clouds
2024-03-31 00:19:47,Sao Paulo,21.04,few clouds
2024-03-31 01:29:30,Sao Paulo,20.22,few clouds
2024-03-31 02:12:48,Sao Paulo,20.62,clear sky
2024-03-31 03:05:36,Sao Paulo,20.15,few clouds
2024-03-31 04:05:40,Sao Paulo,19.99,clear sky
2024-03-31 05:04:59,Sao Paulo,19.75,clear sky
2024-03-31 06:04:50,Sao Paulo,19.36,clear sky
2024-03-31 07:05:25,Sao Paulo,18.38,clear sky
2024-03-31 08:05:12,Sao Paulo,18.38,clear sky
2024-03-31 09:05:13,Sao Paulo,18.15,mist
2024-03-31 10:04:36,Sao Paulo,17.63,clear sky
2024-03-31 11:04:56,Sao Paulo,19.39,clear sky
2024-03-31 12:06:07,Sao Paulo,22.65,clear sky
2024-03-31 13:05:01,Sao Paulo,23.3,clear sky
2024-03-31 14:04:40,Sao Paulo,25.76,clear sky
2024-03-31 15:04:50,Sao Paulo,26.52,clear sky
2024-03-31 16:04:48,Sao Paulo,27.77,clear sky
2024-03-31 17:05:31,Sao Paulo,28.7,clear sky
2024-03-31 18:05:03,Sao Paulo,28.88,clear sky
2024-03-31 19:04:44,Sao Paulo,29.1,clear sky
2024-03-31 20:04:46,Sao Paulo,27.8,clear sky
2024-03-31 21:04:22,Sao Paulo,26.33,clear sky
2024-03-31 22:05:14,Sao Paulo,24.53,clear sky
2024-03-31 23:04:42,Sao Paulo,23.23,clear sky
2024-04-01 00:19:36,Sao Paulo,22.17,clear sky
2024-04-01 01:29:48,Sao Paulo,21.82,clear sky
2024-04-01 02:16:12,Sao Paulo,21.91,clear sky
2024-04-01 03:04:59,Sao Paulo,20.8,clear sky
2024-04-01 04:05:13,Sao Paulo,20.76,clear sky
2024-04-01 05:05:07,Sao Paulo,21.03,clear sky
2024-04-01 06:05:48,Sao Paulo,20.38,clear sky
2024-04-01 07:04:38,Sao Paulo,19.99,clear sky
2024-04-01 08:06:57,Sao Paulo,19.7,clear sky
2024-04-01 09:04:51,Sao Paulo,19.3,clear sky
2024-04-01 10:04:59,Sao Paulo,18.73,clear sky
2024-04-01 11:05:04,Sao Paulo,19.64,clear sky
2024-04-01 12:07:48,Sao Paulo,20.6,clear sky
2024-04-01 13:04:42,Sao Paulo,22.13,clear sky
2024-04-01 14:05:07,Sao Paulo,23.91,clear sky
2024-04-01 15:04:51,Sao Paulo,25.74,clear sky
2024-04-01 16:04:57,Sao Paulo,27.57,clear sky
2024-04-01 17:05:31,Sao Paulo,27.49,clear sky
2024-04-01 18:04:54,Sao Paulo,28.15,clear sky
2024-04-01 19:04:31,Sao Paulo,28.77,clear sky
2024-04-01 20:04:58,Sao Paulo,26.68,clear sky
2024-04-01 21:04:33,Sao Paulo,23.82,clear sky
2024-04-01 22:04:49,Sao Paulo,22.58,clear sky
2024-04-01 23:05:25,Sao Paulo,21.43,clear sky
2024-04-02 00:17:23,Sao Paulo,21.3,clear sky
2024-04-02 01:28:03,Sao Paulo,20.88,clear sky
2024-04-02 02:12:23,Sao Paulo,21.09,clear sky
2024-04-02 03:04:50,Sao Paulo,20.55,clear sky
2024-04-02 04:05:33,Sao Paulo,21.01,clear sky
2024-04-02 05:04:57,Sao Paulo,21.07,clear sky
2024-04-02 06:05:24,Sao Paulo,20.69,overcast clouds
2024-04-02 07:05:04,Sao Paulo,20.84,clear sky
2024-04-02 08:05:22,Sao Paulo,20.67,clear sky
2024-04-02 09:05:00,Sao Paulo,20.38,clear sky
2024-04-02 10:05:09,Sao Paulo,19.79,clear sky
2024-04-02 11:04:52,Sao Paulo,20.04,clear sky
2024-04-02 12:07:04,Sao Paulo,21.38,clear sky
2024-04-02 13:04:51,Sao Paulo,23.35,clear sky
2024-04-02 14:04:40,Sao Paulo,25.43,clear sky
2024-04-02 15:04:38,Sao Paulo,26.42,clear sky
2024-04-02 16:04:50,Sao Paulo,27.45,clear sky
2024-04-02 17:04:59,Sao Paulo,28.66,broken clouds
2024-04-02 18:04:59,Sao Paulo,27.68,broken clouds
2024-04-02 19:04:27,Sao Paulo,27.8,broken clouds
2024-04-02 20:04:53,Sao Paulo,27.74,clear sky
2024-04-02 21:04:52,Sao Paulo,27.05,clear sky
2024-04-02 22:05:08,Sao Paulo,25.15,clear sky
2024-04-02 23:05:18,Sao Paulo,25.03,broken clouds
2024-04-03 00:17:23,Sao Paulo,24.01,clear sky
2024-04-03 01:25:28,Sao Paulo,23.37,clear sky
2024-04-03 02:11:06,Sao Paulo,22.63,clear sky
2024-04-03 03:05:40,Sao Paulo,22.13,clear sky
2024-04-03 04:06:13,Sao Paulo,22.04,clear sky
2024-04-03 05:04:55,Sao Paulo,21.68,clear sky
2024-04-03 06:05:30,Sao Paulo,20.84,clear sky
2024-04-03 07:04:55,Sao Paulo,20.22,broken clouds
2024-04-03 08:05:40,Sao Paulo,20.22,broken clouds
2024-04-03 09:05:43,Sao Paulo,19.7,broken clouds
2024-04-03 10:05:46,Sao Paulo,20.3,mist
2024-04-03 11:04:27,Sao Paulo,20.85,broken clouds
2024-04-03 12:06:59,Sao Paulo,21.98,broken clouds
2024-04-03 13:05:34,Sao Paulo,23.01,broken clouds
2024-04-03 14:04:47,Sao Paulo,25.05,broken clouds
2024-04-03 15:04:49,Sao Paulo,26.68,scattered clouds
2024-04-03 16:05:00,Sao Paulo,26.84,clear sky
2024-04-03 17:04:34,Sao Paulo,27.63,clear sky
2024-04-03 18:05:15,Sao Paulo,29.49,few clouds
2024-04-03 19:05:15,Sao Paulo,28.49,few clouds
2024-04-03 20:04:55,Sao Paulo,27.63,few clouds
2024-04-03 21:05:30,Sao Paulo,25.25,clear sky
2024-04-03 22:04:43,Sao Paulo,23.37,few clouds
2024-04-03 23:04:59,Sao Paulo,22.51,broken clouds
2024-04-04 00:17:59,Sao Paulo,21.83,broken clouds
2024-04-04 01:26:35,Sao Paulo,21.15,scattered clouds
2024-04-04 02:11:33,Sao Paulo,21.19,clear sky
2024-04-04 03:06:21,Sao Paulo,20.92,few clouds
2024-04-04 04:05:10,Sao Paulo,20.78,clear sky
2024-04-04 05:04:50,Sao Paulo,20.61,clear sky
2024-04-04 06:05:23,Sao Paulo,20.09,clear sky
2024-04-04 07:04:45,Sao Paulo,20.21,clear sky
2024-04-04 08:06:17,Sao Paulo,19.48,clear sky
2024-04-04 09:05:03,Sao Paulo,19.41,clear sky
2024-04-04 10:04:48,Sao Paulo,19.53,clear sky
2024-04-04 11:04:44,Sao Paulo,21.48,few clouds
2024-04-04 12:06:58,Sao Paulo,23.69,clear sky
2024-04-04 13:05:09,Sao Paulo,25.33,clear sky
2024-04-04 14:05:07,Sao Paulo,27.56,clear sky
2024-04-04 15:04:51,Sao Paulo,29.06,clear sky
2024-04-04 16:05:08,Sao Paulo,29.56,clear sky
2024-04-04 17:04:39,Sao Paulo,30.6,scattered clouds
2024-04-04 18:05:52,Sao Paulo,31.37,clear sky
2024-04-04 19:05:02,Sao Paulo,31.04,clear sky
2024-04-04 20:04:43,Sao Paulo,30.02,clear sky
2024-04-04 21:04:44,Sao Paulo,26.83,clear sky
2024-04-04 22:04:41,Sao Paulo,23.91,clear sky
2024-04-04 23:04:41,Sao Paulo,22.82,clear sky
2024-04-05 00:17:39,Sao Paulo,22.38,scattered clouds
2024-04-05 01:25:41,Sao Paulo,22.03,clear sky
2024-04-05 02:10:54,Sao Paulo,21.87,clear sky
2024-04-05 03:04:51,Sao Paulo,21.48,few clouds
2024-04-05 04:06:11,Sao Paulo,21.65,few clouds
2024-04-05 05:04:54,Sao Paulo,21.46,few clouds
2024-04-05 06:05:31,Sao Paulo,21.23,scattered clouds
2024-04-05 07:04:47,Sao Paulo,20.55,scattered clouds
2024-04-05 08:05:41,Sao Paulo,20.38,few clouds
2024-04-05 09:04:42,Sao Paulo,20.38,broken clouds
2024-04-05 10:05:43,Sao Paulo,20.3,mist
2024-04-05 11:04:41,Sao Paulo,21.08,mist
2024-04-05 12:06:41,Sao Paulo,23.06,broken clouds
2024-04-05 13:04:46,Sao Paulo,24.69,few clouds
2024-04-05 14:06:00,Sao Paulo,27.01,clear sky
2024-04-05 15:04:34,Sao Paulo,27.74,clear sky
2024-04-05 16:05:35,Sao Paulo,30.56,clear sky
2024-04-05 17:04:46,Sao Paulo,30.43,clear sky
2024-04-05 18:05:21,Sao Paulo,30.65,clear sky
2024-04-05 19:05:47,Sao Paulo,31.19,clear sky
2024-04-05 20:05:40,Sao Paulo,29.08,clear sky
2024-04-05 21:04:51,Sao Paulo,26.04,clear sky
2024-04-05 22:05:34,Sao Paulo,23.16,clear sky
2024-04-05 23:05:20,Sao Paulo,22.71,few clouds
2024-04-06 00:16:37,Sao Paulo,22.19,broken clouds
2024-04-06 01:24:45,Sao Paulo,22.03,broken clouds
2024-04-06 02:09:25,Sao Paulo,21.98,overcast clouds
2024-04-06 03:05:28,Sao Paulo,22,broken clouds
2024-04-06 04:05:49,Sao Paulo,21.7,clear sky
2024-04-06 05:05:41,Sao Paulo,21.34,clear sky
2024-04-06 06:05:18,Sao Paulo,20.92,clear sky
2024-04-06 07:05:14,Sao Paulo,20.85,scattered clouds
2024-04-06 08:04:51,Sao Paulo,20.85,broken clouds
2024-04-06 09:05:04,Sao Paulo,21.01,broken clouds
2024-04-06 10:05:01,Sao Paulo,20.22,scattered clouds
2024-04-06 11:04:34,Sao Paulo,20.52,clear sky
2024-04-06 12:05:51,Sao Paulo,21.88,clear sky
2024-04-06 13:04:29,Sao Paulo,23.68,clear sky
2024-04-06 14:04:19,Sao Paulo,23.4,broken clouds
2024-04-06 15:04:28,Sao Paulo,25.01,broken clouds
2024-04-06 16:04:49,Sao Paulo,25.01,broken clouds
2024-04-06 17:05:25,Sao Paulo,24.56,scattered clouds
2024-04-06 18:05:07,Sao Paulo,24.3,light rain
2024-04-06 19:04:34,Sao Paulo,24.2,light rain
2024-04-06 20:04:59,Sao Paulo,22.9,scattered clouds
2024-04-06 21:04:25,Sao Paulo,22.38,light rain
2024-04-06 22:04:26,Sao Paulo,21.41,broken clouds
2024-04-06 23:04:46,Sao Paulo,20.98,broken clouds
2024-04-07 00:20:05,Sao Paulo,21.25,broken clouds
2024-04-07 01:29:26,Sao Paulo,20.81,light rain
2024-04-07 02:12:50,Sao Paulo,20.38,broken clouds
2024-04-07 03:05:24,Sao Paulo,20.37,broken clouds
2024-04-07 04:05:48,Sao Paulo,19.91,light rain
2024-04-07 05:05:18,Sao Paulo,19.96,overcast clouds
2024-04-07 06:04:56,Sao Paulo,19.81,light rain
2024-04-07 07:04:30,Sao Paulo,19.81,overcast clouds
2024-04-07 08:06:30,Sao Paulo,19.81,overcast clouds
2024-04-07 09:05:13,Sao Paulo,19.6,overcast clouds
2024-04-07 10:04:41,Sao Paulo,19.34,broken clouds
2024-04-07 11:04:35,Sao Paulo,19.72,mist
2024-04-07 12:06:05,Sao Paulo,21.19,broken clouds
2024-04-07 13:05:16,Sao Paulo,22.11,broken clouds
2024-04-07 14:04:40,Sao Paulo,23.71,broken clouds
2024-04-07 15:05:06,Sao Paulo,25.3,broken clouds
2024-04-07 16:04:40,Sao Paulo,26.25,broken clouds
2024-04-07 17:04:56,Sao Paulo,26.98,broken clouds
2024-04-07 18:04:50,Sao Paulo,25.96,broken clouds
2024-04-07 19:04:34,Sao Paulo,23.55,broken clouds
2024-04-07 20:04:45,Sao Paulo,24.02,light rain
2024-04-07 21:05:01,Sao Paulo,22.89,clear sky
2024-04-07 22:04:41,Sao Paulo,21.9,clear sky
2024-04-07 23:04:56,Sao Paulo,21.69,broken clouds
2024-04-08 00:17:52,Sao Paulo,22.12,broken clouds
2024-04-08 01:27:01,Sao Paulo,21.62,broken clouds
2024-04-08 02:12:02,Sao Paulo,21.46,few clouds
2024-04-08 03:05:03,Sao Paulo,20.95,clear sky
2024-04-08 04:05:12,Sao Paulo,21.07,clear sky
2024-04-08 05:04:52,Sao Paulo,20.84,clear sky
2024-04-08 06:05:58,Sao Paulo,20.98,clear sky
