2026-01-01 00:32:45,Gemeente Veenendaal,3.34,overcast clouds
2026-01-01 01:36:34,Gemeente Veenendaal,3.37,overcast clouds
2026-01-01 02:51:07,Gemeente Veenendaal,3.4,overcast clouds
2026-01-01 03:37:51,Gemeente Veenendaal,3.4,overcast clouds
2026-01-01 04:24:47,Gemeente Veenendaal,3.63,overcast clouds
2026-01-01 05:11:59,Gemeente Veenendaal,3.63,overcast clouds
2026-01-01 06:10:14,Gemeente Veenendaal,3.65,overcast clouds
2026-01-01 07:08:26,Gemeente Veenendaal,3.45,overcast clouds
2026-01-01 08:09:02,Gemeente Veenendaal,3.21,overcast clouds
2026-01-01 09:08:52,Gemeente Veenendaal,2.86,moderate rain
2026-01-01 10:07:10,Gemeente Veenendaal,2.87,heavy intensity rain
2026-01-01 11:05:59,Gemeente Veenendaal,2.96,overcast clouds
2026-01-01 12:11:13,Gemeente Veenendaal,3.57,overcast clouds
2026-01-01 13:16:24,Gemeente Veenendaal,4.37,overcast clouds
2026-01-01 14:06:07,Gemeente Veenendaal,4.51,light rain
2026-01-01 15:06:14,Gemeente Veenendaal,4.19,overcast clouds
2026-01-01 16:07:40,Gemeente Veenendaal,4.41,light rain
2026-01-01 17:06:36,Gemeente Veenendaal,4.26,overcast clouds
2026-01-01 18:09:07,Gemeente Veenendaal,4.42,overcast clouds
2026-01-01 19:05:08,Gemeente Veenendaal,4.46,light rain
2026-01-01 20:06:43,Gemeente Veenendaal,3.94,overcast clouds
2026-01-01 21:05:53,Gemeente Veenendaal,3.36,overcast clouds
2026-01-01 22:05:56,Gemeente Veenendaal,2.63,moderate rain
2026-01-01 23:06:13,Gemeente Veenendaal,1.63,light snow
2026-01-02 00:28:46,Gemeente Veenendaal,1.41,light snow
2026-01-02 01:34:52,Gemeente Veenendaal,0.97,snow
2026-01-02 02:44:18,Gemeente Veenendaal,0.68,snow
2026-01-02 03:35:22,Gemeente Veenendaal,0.74,light snow
2026-01-02 04:21:25,Gemeente Veenendaal,0.95,snow
2026-01-02 05:10:02,Gemeente Veenendaal,0.99,snow
2026-01-02 06:10:28,Gemeente Veenendaal,0.79,snow
2026-01-02 07:08:53,Gemeente Veenendaal,0.61,snow
2026-01-02 08:09:14,Gemeente Veenendaal,0.49,snow
2026-01-02 09:08:33,Gemeente Veenendaal,0.74,light snow
2026-01-02 10:07:00,Gemeente Veenendaal,1.25,snow
2026-01-02 11:06:06,Gemeente Veenendaal,0.91,light snow
2026-01-02 12:10:53,Gemeente Veenendaal,1.26,snow
2026-01-02 13:15:17,Gemeente Veenendaal,1.48,snow
2026-01-02 14:06:19,Gemeente Veenendaal,1.72,snow
2026-01-02 15:06:27,Gemeente Veenendaal,1.1,overcast clouds
2026-01-02 16:07:12,Gemeente Veenendaal,0.62,overcast clouds
2026-01-02 17:05:28,Gemeente Veenendaal,1.05,overcast clouds
2026-01-02 18:09:07,Gemeente Veenendaal,1.55,overcast clouds
2026-01-02 19:04:40,Gemeente Veenendaal,1.97,overcast clouds
2026-01-02 20:06:33,Gemeente Veenendaal,2.04,broken clouds
2026-01-02 21:05:22,Gemeente Veenendaal,1.69,broken clouds
2026-01-02 22:06:01,Gemeente Veenendaal,1.57,light snow
2026-01-02 23:06:00,Gemeente Veenendaal,1.24,light snow
2026-01-03 00:27:30,Gemeente Veenendaal,0.98,snow
2026-01-03 01:34:29,Gemeente Veenendaal,1.4,snow
2026-01-03 02:38:23,Gemeente Veenendaal,0.7,snow
2026-01-03 03:32:34,Gemeente Veenendaal,1.19,overcast clouds
2026-01-03 04:13:53,Gemeente Veenendaal,1,overcast clouds
2026-01-03 05:07:30,Gemeente Veenendaal,0.78,overcast clouds
2026-01-03 06:09:12,Gemeente Veenendaal,0.63,snow
2026-01-03 07:06:27,Gemeente Veenendaal,0.4,snow
2026-01-03 08:07:58,Gemeente Veenendaal,0.12,light snow
2026-01-03 09:06:18,Gemeente Veenendaal,0.12,snow
2026-01-03 10:06:05,Gemeente Veenendaal,0.38,light snow
2026-01-03 11:05:13,Gemeente Veenendaal,0.38,light snow
2026-01-03 12:10:23,Gemeente Veenendaal,0.44,snow
2026-01-03 13:13:14,Gemeente Veenendaal,0.93,snow
2026-01-03 14:05:52,Gemeente Veenendaal,1.21,light snow
2026-01-03 15:05:51,Gemeente Veenendaal,0.58,overcast clouds
2026-01-03 16:06:46,Gemeente Veenendaal,0.14,overcast clouds
2026-01-03 17:05:14,Gemeente Veenendaal,-0.31,overcast clouds
2026-01-03 18:08:20,Gemeente Veenendaal,0.3,broken clouds
2026-01-03 19:04:40,Gemeente Veenendaal,-0.14,light snow
2026-01-03 20:06:26,Gemeente Veenendaal,0.44,broken clouds
2026-01-03 21:05:29,Gemeente Veenendaal,0.38,light snow
2026-01-03 22:05:52,Gemeente Veenendaal,0.13,light snow
2026-01-03 23:06:08,Gemeente Veenendaal,0.22,light snow
2026-01-04 00:32:47,Gemeente Veenendaal,0.49,light snow
2026-01-04 01:35:42,Gemeente Veenendaal,0.28,overcast clouds
2026-01-04 02:51:48,Gemeente Veenendaal,0.6,snow
2026-01-04 03:37:10,Gemeente Veenendaal,0.52,light snow
2026-01-04 04:25:26,Gemeente Veenendaal,0.56,light snow
2026-01-04 05:11:13,Gemeente Veenendaal,0.51,light snow
2026-01-04 06:09:25,Gemeente Veenendaal,0.5,snow
2026-01-04 07:07:33,Gemeente Veenendaal,0.46,light snow
2026-01-04 08:08:01,Gemeente Veenendaal,-0.05,light snow
2026-01-04 09:06:12,Gemeente Veenendaal,0.3,snow
2026-01-04 10:06:00,Gemeente Veenendaal,0.4,light snow
2026-01-04 11:05:05,Gemeente Veenendaal,1.01,light snow
2026-01-04 12:10:24,Gemeente Veenendaal,1.33,light snow
2026-01-04 13:13:56,Gemeente Veenendaal,1.32,light snow
2026-01-04 14:05:51,Gemeente Veenendaal,1.29,light snow
2026-01-04 15:05:47,Gemeente Veenendaal,0.67,light snow
2026-01-04 16:06:43,Gemeente Veenendaal,0.44,overcast clouds
2026-01-04 17:05:16,Gemeente Veenendaal,0.31,light snow
2026-01-04 18:08:24,Gemeente Veenendaal,0.16,light snow
2026-01-04 19:04:47,Gemeente Veenendaal,-0.35,overcast clouds
2026-01-04 20:06:42,Gemeente Veenendaal,-0.95,overcast clouds
2026-01-04 21:05:42,Gemeente Veenendaal,-1.38,overcast clouds
2026-01-04 22:06:03,Gemeente Veenendaal,-2.27,overcast clouds
2026-01-04 23:06:06,Gemeente Veenendaal,-2.61,overcast clouds
2026-01-05 00:31:59,Gemeente Veenendaal,-2.97,overcast clouds
2026-01-05 01:36:40,Gemeente Veenendaal,-3.3,overcast clouds
2026-01-05 02:52:38,Gemeente Veenendaal,-3.69,overcast clouds
2026-01-05 03:40:03,Gemeente Veenendaal,-3.82,overcast clouds
2026-01-05 04:29:29,Gemeente Veenendaal,-3.69,overcast clouds
2026-01-05 05:16:54,Gemeente Veenendaal,-3.2,overcast clouds
2026-01-05 06:12:49,Gemeente Veenendaal,-2.71,overcast clouds
2026-01-05 07:13:10,Gemeente Veenendaal,-2.34,snow
2026-01-05 08:10:03,Gemeente Veenendaal,-2.35,light snow
2026-01-05 09:11:54,Gemeente Veenendaal,-2.28,light snow
2026-01-05 10:08:11,Gemeente Veenendaal,-1.5,light snow
2026-01-05 11:06:28,Gemeente Veenendaal,-1.42,snow
2026-01-05 12:11:37,Gemeente Veenendaal,-1.17,light snow
2026-01-05 13:19:09,Gemeente Veenendaal,-0.54,light snow
2026-01-05 14:08:19,Gemeente Veenendaal,-0.1,overcast clouds
2026-01-05 15:07:43,Gemeente Veenendaal,-0.41,overcast clouds
2026-01-05 16:08:44,Gemeente Veenendaal,-1.24,overcast clouds
2026-01-05 17:07:58,Gemeente Veenendaal,-1.79,overcast clouds
2026-01-05 18:10:13,Gemeente Veenendaal,-1.63,overcast clouds
2026-01-05 19:07:21,Gemeente Veenendaal,-1.39,scattered clouds
2026-01-05 20:07:08,Gemeente Veenendaal,-0.83,broken clouds
2026-01-05 21:06:42,Gemeente Veenendaal,-0.83,broken clouds
2026-01-05 22:06:35,Gemeente Veenendaal,-0.8,broken clouds
2026-01-05 23:06:14,Gemeente Veenendaal,-0.39,broken clouds
2026-01-06 00:29:04,Gemeente Veenendaal,-0.33,broken clouds
2026-01-06 01:35:22,Gemeente Veenendaal,-0.32,few clouds
2026-01-06 02:43:39,Gemeente Veenendaal,-0.61,scattered clouds
2026-01-06 03:34:52,Gemeente Veenendaal,-1.67,broken clouds
2026-01-06 04:20:38,Gemeente Veenendaal,-1.9,broken clouds
2026-01-06 05:09:18,Gemeente Veenendaal,-3.1,broken clouds
2026-01-06 06:10:24,Gemeente Veenendaal,-3.88,scattered clouds
2026-01-06 07:10:30,Gemeente Veenendaal,-4.81,clear sky
2026-01-06 08:09:29,Gemeente Veenendaal,-4.81,few clouds
2026-01-06 09:09:37,Gemeente Veenendaal,-3.7,clear sky
2026-01-06 10:07:31,Gemeente Veenendaal,-2.42,few clouds
2026-01-06 11:06:26,Gemeente Veenendaal,-1.44,scattered clouds
2026-01-06 12:11:29,Gemeente Veenendaal,-0.2,scattered clouds
2026-01-06 13:17:36,Gemeente Veenendaal,0.71,overcast clouds
2026-01-06 14:06:56,Gemeente Veenendaal,0.46,overcast clouds
2026-01-06 15:07:03,Gemeente Veenendaal,0.56,overcast clouds
2026-01-06 16:07:57,Gemeente Veenendaal,-0.76,broken clouds
2026-01-06 17:08:17,Gemeente Veenendaal,-1.8,broken clouds
2026-01-06 18:09:30,Gemeente Veenendaal,-2.17,broken clouds
2026-01-06 19:04:47,Gemeente Veenendaal,-2,few clouds
2026-01-06 20:07:04,Gemeente Veenendaal,-2.32,few clouds
2026-01-06 21:06:09,Gemeente Veenendaal,-2.5,few clouds
2026-01-06 22:06:26,Gemeente Veenendaal,-2.85,few clouds
2026-01-06 23:06:28,Gemeente Veenendaal,-2.85,few clouds
2026-01-07 00:28:25,Gemeente Veenendaal,-2.32,scattered clouds
2026-01-07 01:35:17,Gemeente Veenendaal,-1.62,overcast clouds
2026-01-07 02:44:19,Gemeente Veenendaal,-1.25,overcast clouds
2026-01-07 03:34:57,Gemeente Veenendaal,-0.77,light snow
2026-01-07 04:21:15,Gemeente Veenendaal,-0.62,light snow
2026-01-07 05:09:59,Gemeente Veenendaal,-0.48,snow
2026-01-07 06:10:28,Gemeente Veenendaal,-0.47,light snow
2026-01-07 07:09:35,Gemeente Veenendaal,-0.68,snow
2026-01-07 08:09:16,Gemeente Veenendaal,-1.14,snow
2026-01-07 09:10:26,Gemeente Veenendaal,-1.42,light snow
2026-01-07 10:07:22,Gemeente Veenendaal,-1.28,snow
2026-01-07 11:06:34,Gemeente Veenendaal,-1.08,light snow
2026-01-07 12:11:45,Gemeente Veenendaal,-0.7,light snow
2026-01-07 13:18:19,Gemeente Veenendaal,-0.68,light snow
2026-01-07 14:07:18,Gemeente Veenendaal,-0.68,light snow
2026-01-07 15:07:51,Gemeente Veenendaal,-0.54,light snow
2026-01-07 16:09:10,Gemeente Veenendaal,-0.54,snow
2026-01-07 17:09:15,Gemeente Veenendaal,-0.26,light snow
2026-01-07 18:09:56,Gemeente Veenendaal,-0.14,snow
2026-01-07 19:07:16,Gemeente Veenendaal,0.34,light snow
2026-01-07 20:07:11,Gemeente Veenendaal,0.44,light snow
2026-01-07 21:06:32,Gemeente Veenendaal,0.82,overcast clouds
2026-01-07 22:06:10,Gemeente Veenendaal,1.1,overcast clouds
2026-01-07 23:06:31,Gemeente Veenendaal,1.45,overcast clouds
2026-01-08 00:29:14,Gemeente Veenendaal,1.58,overcast clouds
2026-01-08 01:34:58,Gemeente Veenendaal,1.58,overcast clouds
2026-01-08 02:43:27,Gemeente Veenendaal,1.72,overcast clouds
2026-01-08 03:35:01,Gemeente Veenendaal,1.45,overcast clouds
2026-01-08 04:20:43,Gemeente Veenendaal,1.45,overcast clouds
2026-01-08 05:09:17,Gemeente Veenendaal,1.45,overcast clouds
2026-01-08 06:10:18,Gemeente Veenendaal,1.45,overcast clouds
2026-01-08 07:09:19,Gemeente Veenendaal,1.29,overcast clouds
2026-01-08 08:09:20,Gemeente Veenendaal,1.08,overcast clouds
2026-01-08 09:09:59,Gemeente Veenendaal,0.99,overcast clouds
2026-01-08 10:08:05,Gemeente Veenendaal,1.35,overcast clouds
2026-01-08 11:06:37,Gemeente Veenendaal,1.51,overcast clouds
2026-01-08 12:12:12,Gemeente Veenendaal,1.63,overcast clouds
2026-01-08 13:18:54,Gemeente Veenendaal,1.89,overcast clouds
2026-01-08 14:08:10,Gemeente Veenendaal,1.7,overcast clouds
2026-01-08 15:08:18,Gemeente Veenendaal,1.51,overcast clouds
2026-01-08 16:08:43,Gemeente Veenendaal,1.04,overcast clouds
2026-01-08 17:09:41,Gemeente Veenendaal,1.16,overcast clouds
2026-01-08 18:08:13,Gemeente Veenendaal,1.27,overcast clouds
2026-01-08 19:06:40,Gemeente Veenendaal,1.49,overcast clouds
2026-01-08 20:07:20,Gemeente Veenendaal,1.68,light snow
2026-01-08 21:06:36,Gemeente Veenendaal,1.7,light snow
2026-01-08 22:06:38,Gemeente Veenendaal,1.71,snow
2026-01-08 23:06:12,Gemeente Veenendaal,1.51,heavy snow
2026-01-09 00:29:10,Gemeente Veenendaal,1.63,snow
2026-01-09 01:35:04,Gemeente Veenendaal,1.59,snow
2026-01-09 02:44:02,Gemeente Veenendaal,1.69,snow
2026-01-09 03:34:56,Gemeente Veenendaal,2.59,overcast clouds
2026-01-09 04:21:17,Gemeente Veenendaal,2.46,overcast clouds
2026-01-09 05:09:40,Gemeente Veenendaal,2.88,overcast clouds
2026-01-09 06:10:28,Gemeente Veenendaal,3.22,light rain
2026-01-09 07:09:56,Gemeente Veenendaal,3.42,light rain
2026-01-09 08:09:21,Gemeente Veenendaal,3.32,moderate rain
2026-01-09 09:09:40,Gemeente Veenendaal,3.43,light rain
2026-01-09 10:06:46,Gemeente Veenendaal,3.83,light rain
2026-01-09 11:06:21,Gemeente Veenendaal,3.57,light rain
2026-01-09 12:11:41,Gemeente Veenendaal,3.45,moderate rain
2026-01-09 13:17:49,Gemeente Veenendaal,3.36,light rain
2026-01-09 14:07:22,Gemeente Veenendaal,3.03,overcast clouds
2026-01-09 15:06:55,Gemeente Veenendaal,2.61,overcast clouds
2026-01-09 16:07:46,Gemeente Veenendaal,2.61,light rain
2026-01-09 17:08:13,Gemeente Veenendaal,1.39,snow
2026-01-09 18:09:40,Gemeente Veenendaal,1.02,snow
2026-01-09 19:07:02,Gemeente Veenendaal,0.79,light snow
2026-01-09 20:07:54,Gemeente Veenendaal,0.15,light snow
2026-01-09 21:06:32,Gemeente Veenendaal,-0.35,light snow
2026-01-09 22:06:12,Gemeente Veenendaal,-0.88,overcast clouds
2026-01-09 23:06:15,Gemeente Veenendaal,-0.86,overcast clouds
2026-01-10 00:28:30,Gemeente Veenendaal,-1.42,overcast clouds
2026-01-10 01:34:56,Gemeente Veenendaal,-1.88,light snow
2026-01-10 02:39:49,Gemeente Veenendaal,-2.19,light snow
2026-01-10 03:33:26,Gemeente Veenendaal,-2.36,light snow
2026-01-10 04:15:22,Gemeente Veenendaal,-2.63,light snow
2026-01-10 05:07:10,Gemeente Veenendaal,-2.63,light snow
2026-01-10 06:08:57,Gemeente Veenendaal,-2.66,light snow
2026-01-10 07:06:23,Gemeente Veenendaal,-2.7,overcast clouds
2026-01-10 08:08:00,Gemeente Veenendaal,-2.9,overcast clouds
2026-01-10 09:06:16,Gemeente Veenendaal,-2.74,overcast clouds
2026-01-10 10:05:56,Gemeente Veenendaal,-2.7,overcast clouds
2026-01-10 11:05:40,Gemeente Veenendaal,-2.39,overcast clouds
2026-01-10 12:10:08,Gemeente Veenendaal,-2.1,overcast clouds
2026-01-10 13:13:31,Gemeente Veenendaal,-1.64,broken clouds
2026-01-10 14:05:48,Gemeente Veenendaal,-1.57,broken clouds
2026-01-10 15:05:53,Gemeente Veenendaal,-1.51,broken clouds
2026-01-10 16:06:29,Gemeente Veenendaal,-2.06,broken clouds
2026-01-10 17:05:14,Gemeente Veenendaal,-2.59,broken clouds
2026-01-10 18:08:27,Gemeente Veenendaal,-2.76,broken clouds
2026-01-10 19:04:51,Gemeente Veenendaal,-2.55,overcast clouds
2026-01-10 20:06:16,Gemeente Veenendaal,-2.33,overcast clouds
2026-01-10 21:05:35,Gemeente Veenendaal,-2.88,overcast clouds
2026-01-10 22:06:01,Gemeente Veenendaal,-3.39,overcast clouds
2026-01-10 23:06:05,Gemeente Veenendaal,-3.7,overcast clouds
2026-01-11 00:32:36,Gemeente Veenendaal,-4.01,overcast clouds
2026-01-11 01:35:42,Gemeente Veenendaal,-4.35,overcast clouds
2026-01-11 02:51:43,Gemeente Veenendaal,-5.39,overcast clouds
2026-01-11 03:37:11,Gemeente Veenendaal,-6.08,overcast clouds
2026-01-11 04:24:43,Gemeente Veenendaal,-5.79,overcast clouds
2026-01-11 05:10:54,Gemeente Veenendaal,-6.14,overcast clouds
2026-01-11 06:09:17,Gemeente Veenendaal,-5.76,overcast clouds
2026-01-11 07:07:13,Gemeente Veenendaal,-5.93,overcast clouds
2026-01-11 08:08:20,Gemeente Veenendaal,-5.91,overcast clouds
2026-01-11 09:06:32,Gemeente Veenendaal,-5.41,overcast clouds
2026-01-11 10:06:08,Gemeente Veenendaal,-3.63,overcast clouds
2026-01-11 11:05:41,Gemeente Veenendaal,-2.48,overcast clouds
2026-01-11 12:10:32,Gemeente Veenendaal,-1.82,broken clouds
2026-01-11 13:13:57,Gemeente Veenendaal,-1.3,overcast clouds
2026-01-11 14:05:44,Gemeente Veenendaal,-1.3,overcast clouds
2026-01-11 15:06:02,Gemeente Veenendaal,-1.12,overcast clouds
2026-01-11 16:07:12,Gemeente Veenendaal,-0.86,overcast clouds
2026-01-11 17:05:26,Gemeente Veenendaal,-0.81,overcast clouds
2026-01-11 18:08:19,Gemeente Veenendaal,-0.67,overcast clouds
2026-01-11 19:04:48,Gemeente Veenendaal,-0.35,overcast clouds
2026-01-11 20:06:44,Gemeente Veenendaal,-0.08,light snow
2026-01-11 21:05:37,Gemeente Veenendaal,0.35,overcast clouds
2026-01-11 22:05:55,Gemeente Veenendaal,0.43,snow
2026-01-11 23:06:01,Gemeente Veenendaal,0.4,light snow
2026-01-12 00:30:56,Gemeente Veenendaal,0.69,snow
2026-01-12 01:36:07,Gemeente Veenendaal,0.74,snow
2026-01-12 02:49:28,Gemeente Veenendaal,0.84,light snow
2026-01-12 03:37:29,Gemeente Veenendaal,1.2,overcast clouds
2026-01-12 04:26:17,Gemeente Veenendaal,1.38,light snow
2026-01-12 05:13:39,Gemeente Veenendaal,1.36,snow
2026-01-12 06:11:51,Gemeente Veenendaal,1.61,light snow
2026-01-12 07:11:56,Gemeente Veenendaal,2.02,overcast clouds
2026-01-12 08:10:04,Gemeente Veenendaal,2.14,overcast clouds
2026-01-12 09:12:03,Gemeente Veenendaal,2.64,overcast clouds
2026-01-12 10:08:12,Gemeente Veenendaal,3.01,overcast clouds
2026-01-12 11:06:49,Gemeente Veenendaal,3.77,overcast clouds
2026-01-12 12:12:11,Gemeente Veenendaal,4.32,overcast clouds
2026-01-12 13:19:28,Gemeente Veenendaal,4.76,overcast clouds
2026-01-12 14:09:09,Gemeente Veenendaal,4.95,overcast clouds
2026-01-12 15:08:35,Gemeente Veenendaal,5.53,light rain
2026-01-12 16:09:08,Gemeente Veenendaal,5.47,overcast clouds
2026-01-12 17:08:43,Gemeente Veenendaal,5.72,light rain
2026-01-12 18:09:31,Gemeente Veenendaal,5.9,overcast clouds
2026-01-12 19:07:40,Gemeente Veenendaal,5.9,overcast clouds
2026-01-12 20:07:40,Gemeente Veenendaal,6.13,overcast clouds
2026-01-12 21:06:32,Gemeente Veenendaal,6.33,overcast clouds
2026-01-12 22:06:22,Gemeente Veenendaal,7,overcast clouds
2026-01-12 23:05:39,Gemeente Veenendaal,6.84,overcast clouds
2026-01-13 00:25:07,Gemeente Veenendaal,6.74,overcast clouds
2026-01-13 01:35:03,Gemeente Veenendaal,6.82,overcast clouds
2026-01-13 02:42:59,Gemeente Veenendaal,7.19,overcast clouds
2026-01-13 03:34:48,Gemeente Veenendaal,7.71,overcast clouds
2026-01-13 04:20:49,Gemeente Veenendaal,7.19,overcast clouds
2026-01-13 05:10:17,Gemeente Veenendaal,7.42,overcast clouds
2026-01-13 06:10:26,Gemeente Veenendaal,7.7,overcast clouds
2026-01-13 07:09:47,Gemeente Veenendaal,6.76,overcast clouds
2026-01-13 08:09:24,Gemeente Veenendaal,7.29,overcast clouds
2026-01-13 09:10:02,Gemeente Veenendaal,8.18,overcast clouds
2026-01-13 10:07:05,Gemeente Veenendaal,8.19,overcast clouds
2026-01-13 11:06:28,Gemeente Veenendaal,8.8,overcast clouds
2026-01-13 12:12:04,Gemeente Veenendaal,9.24,overcast clouds
2026-01-13 13:19:11,Gemeente Veenendaal,9.13,light rain
2026-01-13 14:08:45,Gemeente Veenendaal,9.1,light rain
2026-01-13 15:08:07,Gemeente Veenendaal,8.88,light rain
2026-01-13 16:09:36,Gemeente Veenendaal,8.82,light rain
2026-01-13 17:09:46,Gemeente Veenendaal,8.64,overcast clouds
2026-01-13 18:10:09,Gemeente Veenendaal,8.47,overcast clouds
2026-01-13 19:06:59,Gemeente Veenendaal,8.44,light rain
2026-01-13 20:07:33,Gemeente Veenendaal,8.52,overcast clouds
2026-01-13 21:06:42,Gemeente Veenendaal,8.55,light rain
2026-01-13 22:06:34,Gemeente Veenendaal,8.55,moderate rain
2026-01-13 23:06:29,Gemeente Veenendaal,8.13,moderate rain
2026-01-14 00:30:05,Gemeente Veenendaal,7.96,light rain
2026-01-14 01:35:38,Gemeente Veenendaal,7.91,light rain
2026-01-14 02:52:25,Gemeente Veenendaal,7.98,overcast clouds
2026-01-14 03:36:55,Gemeente Veenendaal,8.14,moderate rain
2026-01-14 04:25:04,Gemeente Veenendaal,7.95,moderate rain
2026-01-14 05:09:37,Gemeente Veenendaal,7.35,moderate rain
2026-01-14 06:10:39,Gemeente Veenendaal,6.85,overcast clouds
2026-01-14 07:09:53,Gemeente Veenendaal,6.21,overcast clouds
2026-01-14 08:09:18,Gemeente Veenendaal,5.54,overcast clouds
2026-01-14 09:10:22,Gemeente Veenendaal,4.92,overcast clouds
2026-01-14 10:07:40,Gemeente Veenendaal,6.36,broken clouds
2026-01-14 11:07:26,Gemeente Veenendaal,6.54,scattered clouds
2026-01-14 12:11:28,Gemeente Veenendaal,7.11,few clouds
2026-01-14 13:18:56,Gemeente Veenendaal,7.19,clear sky
2026-01-14 14:08:40,Gemeente Veenendaal,7.77,few clouds
2026-01-14 15:08:37,Gemeente Veenendaal,7.79,scattered clouds
2026-01-14 16:08:52,Gemeente Veenendaal,6.1,broken clouds
2026-01-14 17:10:28,Gemeente Veenendaal,3.59,broken clouds
2026-01-14 18:10:06,Gemeente Veenendaal,3.82,scattered clouds
2026-01-14 19:06:14,Gemeente Veenendaal,4.36,overcast clouds
2026-01-14 20:06:20,Gemeente Veenendaal,5.03,overcast clouds
2026-01-14 21:06:45,Gemeente Veenendaal,5.71,overcast clouds
2026-01-14 22:06:37,Gemeente Veenendaal,6.81,overcast clouds
2026-01-14 23:06:25,Gemeente Veenendaal,6.9,overcast clouds
2026-01-15 00:26:59,Gemeente Veenendaal,6.88,overcast clouds
2026-01-15 01:35:13,Gemeente Veenendaal,7.21,overcast clouds
2026-01-15 02:44:07,Gemeente Veenendaal,7.7,overcast clouds
2026-01-15 03:35:47,Gemeente Veenendaal,7.84,overcast clouds
2026-01-15 04:21:49,Gemeente Veenendaal,8.01,overcast clouds
2026-01-15 05:10:42,Gemeente Veenendaal,8.09,overcast clouds
2026-01-15 06:10:23,Gemeente Veenendaal,8.4,overcast clouds
2026-01-15 07:09:45,Gemeente Veenendaal,8.69,overcast clouds
2026-01-15 08:09:25,Gemeente Veenendaal,9.12,overcast clouds
2026-01-15 09:09:28,Gemeente Veenendaal,9.24,overcast clouds
2026-01-15 10:07:34,Gemeente Veenendaal,9.45,overcast clouds
2026-01-15 11:06:42,Gemeente Veenendaal,9.48,overcast clouds
2026-01-15 12:11:49,Gemeente Veenendaal,9.63,overcast clouds
2026-01-15 13:18:42,Gemeente Veenendaal,9.51,overcast clouds
2026-01-15 14:08:25,Gemeente Veenendaal,9.28,overcast clouds
2026-01-15 15:08:20,Gemeente Veenendaal,8.88,light rain
2026-01-15 16:12:36,Gemeente Veenendaal,8.66,overcast clouds
2026-01-15 17:13:14,Gemeente Veenendaal,8.65,overcast clouds
2026-01-15 18:12:42,Gemeente Veenendaal,8.66,overcast clouds
2026-01-15 19:10:27,Gemeente Veenendaal,8.74,overcast clouds
2026-01-15 20:07:46,Gemeente Veenendaal,9.02,overcast clouds
2026-01-15 21:06:59,Gemeente Veenendaal,9.36,overcast clouds
2026-01-15 22:06:37,Gemeente Veenendaal,9.6,overcast clouds
2026-01-15 23:06:28,Gemeente Veenendaal,9.85,overcast clouds
2026-01-16 00:29:55,Gemeente Veenendaal,9.8,light rain
2026-01-16 01:35:12,Gemeente Veenendaal,10.31,overcast clouds
2026-01-16 02:44:48,Gemeente Veenendaal,10.54,overcast clouds
2026-01-16 03:35:29,Gemeente Veenendaal,10.37,overcast clouds
2026-01-16 04:21:13,Gemeente Veenendaal,10.37,overcast clouds
2026-01-16 05:09:49,Gemeente Veenendaal,10.37,overcast clouds
2026-01-16 06:10:29,Gemeente Veenendaal,9.86,overcast clouds
2026-01-16 07:09:17,Gemeente Veenendaal,8.94,overcast clouds
2026-01-16 08:09:06,Gemeente Veenendaal,8.26,overcast clouds
2026-01-16 09:09:04,Gemeente Veenendaal,7.95,overcast clouds
2026-01-16 10:07:28,Gemeente Veenendaal,9.09,overcast clouds
2026-01-16 11:06:32,Gemeente Veenendaal,9.76,overcast clouds
2026-01-16 12:11:18,Gemeente Veenendaal,10.23,overcast clouds
2026-01-16 13:17:48,Gemeente Veenendaal,10.86,overcast clouds
2026-01-16 14:07:25,Gemeente Veenendaal,10.88,overcast clouds
2026-01-16 15:07:44,Gemeente Veenendaal,10.46,overcast clouds
2026-01-16 16:08:23,Gemeente Veenendaal,9.4,overcast clouds
2026-01-16 17:09:00,Gemeente Veenendaal,8.58,overcast clouds
2026-01-16 18:09:41,Gemeente Veenendaal,7.78,overcast clouds
2026-01-16 19:06:52,Gemeente Veenendaal,7.64,overcast clouds
2026-01-16 20:07:23,Gemeente Veenendaal,7.68,overcast clouds
2026-01-16 21:06:25,Gemeente Veenendaal,6.81,overcast clouds
2026-01-16 22:06:10,Gemeente Veenendaal,6.2,overcast clouds
2026-01-16 23:06:17,Gemeente Veenendaal,5.86,overcast clouds
2026-01-17 00:27:34,Gemeente Veenendaal,6.37,overcast clouds
2026-01-17 01:34:40,Gemeente Veenendaal,6.53,moderate rain
2026-01-17 02:38:51,Gemeente Veenendaal,6.95,overcast clouds
2026-01-17 03:33:04,Gemeente Veenendaal,6.95,overcast clouds
2026-01-17 04:13:55,Gemeente Veenendaal,6.97,overcast clouds
2026-01-17 05:06:59,Gemeente Veenendaal,7.14,overcast clouds
2026-01-17 06:08:56,Gemeente Veenendaal,7.07,overcast clouds
2026-01-17 07:06:33,Gemeente Veenendaal,6.97,overcast clouds
2026-01-17 08:07:48,Gemeente Veenendaal,6.99,overcast clouds
2026-01-17 09:06:20,Gemeente Veenendaal,6.98,overcast clouds
2026-01-17 10:05:57,Gemeente Veenendaal,7.92,overcast clouds
2026-01-17 11:05:38,Gemeente Veenendaal,9.14,overcast clouds
2026-01-17 12:10:05,Gemeente Veenendaal,10.36,overcast clouds
2026-01-17 13:13:21,Gemeente Veenendaal,11.33,overcast clouds
2026-01-17 14:05:39,Gemeente Veenendaal,11.54,overcast clouds
2026-01-17 15:06:03,Gemeente Veenendaal,10.79,overcast clouds
2026-01-17 16:06:41,Gemeente Veenendaal,9.28,overcast clouds
2026-01-17 17:05:19,Gemeente Veenendaal,7.11,overcast clouds
2026-01-17 18:08:43,Gemeente Veenendaal,6.15,overcast clouds
2026-01-17 19:05:27,Gemeente Veenendaal,5.83,overcast clouds
2026-01-17 20:05:57,Gemeente Veenendaal,6.42,overcast clouds
2026-01-17 21:05:30,Gemeente Veenendaal,5.85,overcast clouds
2026-01-17 22:06:01,Gemeente Veenendaal,5.55,broken clouds
2026-01-17 23:05:53,Gemeente Veenendaal,4.6,broken clouds
2026-01-18 00:32:08,Gemeente Veenendaal,4.55,broken clouds
2026-01-18 01:35:30,Gemeente Veenendaal,3.66,broken clouds
2026-01-18 02:50:34,Gemeente Veenendaal,3.49,broken clouds
2026-01-18 03:36:13,Gemeente Veenendaal,3.23,broken clouds
2026-01-18 04:21:50,Gemeente Veenendaal,2.89,broken clouds
2026-01-18 05:08:40,Gemeente Veenendaal,2.65,broken clouds
2026-01-18 06:09:01,Gemeente Veenendaal,2.21,broken clouds
2026-01-18 07:06:52,Gemeente Veenendaal,1.66,broken clouds
2026-01-18 08:07:43,Gemeente Veenendaal,1.71,broken clouds
2026-01-18 09:06:33,Gemeente Veenendaal,2.21,broken clouds
2026-01-18 10:06:07,Gemeente Veenendaal,3.88,broken clouds
2026-01-18 11:05:15,Gemeente Veenendaal,5.46,broken clouds
2026-01-18 12:10:24,Gemeente Veenendaal,6.54,overcast clouds
2026-01-18 13:13:15,Gemeente Veenendaal,7.45,broken clouds
2026-01-18 14:05:30,Gemeente Veenendaal,6.52,scattered clouds
2026-01-18 15:05:42,Gemeente Veenendaal,5.73,scattered clouds
2026-01-18 16:07:07,Gemeente Veenendaal,4.44,scattered clouds
2026-01-18 17:05:42,Gemeente Veenendaal,3.68,scattered clouds
2026-01-18 18:08:29,Gemeente Veenendaal,2.79,few clouds
2026-01-18 19:05:30,Gemeente Veenendaal,1.95,clear sky
2026-01-18 20:06:38,Gemeente Veenendaal,1.49,clear sky
2026-01-18 21:05:35,Gemeente Veenendaal,1.31,clear sky
2026-01-18 22:06:04,Gemeente Veenendaal,1.19,clear sky
2026-01-18 23:06:06,Gemeente Veenendaal,1.31,few clouds
2026-01-19 00:31:10,Gemeente Veenendaal,1.58,scattered clouds
2026-01-19 01:36:04,Gemeente Veenendaal,1.46,scattered clouds
2026-01-19 02:50:02,Gemeente Veenendaal,1,scattered clouds
2026-01-19 03:37:51,Gemeente Veenendaal,0.56,scattered clouds
2026-01-19 04:26:50,Gemeente Veenendaal,0.49,scattered clouds
2026-01-19 05:14:25,Gemeente Veenendaal,0.26,broken clouds
2026-01-19 06:13:08,Gemeente Veenendaal,-0.24,broken clouds
2026-01-19 07:13:01,Gemeente Veenendaal,-0.32,overcast clouds
2026-01-19 08:10:07,Gemeente Veenendaal,-0.32,overcast clouds
2026-01-19 09:13:33,Gemeente Veenendaal,0.27,overcast clouds
2026-01-19 10:09:08,Gemeente Veenendaal,1.53,overcast clouds
2026-01-19 11:07:18,Gemeente Veenendaal,2.59,overcast clouds
2026-01-19 12:12:39,Gemeente Veenendaal,3.41,overcast clouds
2026-01-19 13:20:50,Gemeente Veenendaal,4.38,overcast clouds
2026-01-19 14:10:55,Gemeente Veenendaal,4.61,overcast clouds
2026-01-19 15:08:46,Gemeente Veenendaal,4.69,overcast clouds
2026-01-19 16:08:35,Gemeente Veenendaal,4.13,overcast clouds
2026-01-19 17:08:23,Gemeente Veenendaal,3.56,overcast clouds
2026-01-19 18:09:27,Gemeente Veenendaal,3.26,overcast clouds
2026-01-19 19:06:50,Gemeente Veenendaal,3.13,overcast clouds
2026-01-19 20:07:16,Gemeente Veenendaal,2.69,overcast clouds
2026-01-19 21:06:05,Gemeente Veenendaal,2.81,overcast clouds
2026-01-19 22:06:30,Gemeente Veenendaal,1.92,broken clouds
2026-01-19 23:06:14,Gemeente Veenendaal,1.48,broken clouds
2026-01-20 00:28:47,Gemeente Veenendaal,0.91,broken clouds
2026-01-20 01:35:32,Gemeente Veenendaal,0.44,scattered clouds
2026-01-20 02:45:44,Gemeente Veenendaal,0.44,few clouds
2026-01-20 03:36:10,Gemeente Veenendaal,-0.21,scattered clouds
2026-01-20 04:24:02,Gemeente Veenendaal,-0.17,scattered clouds
2026-01-20 05:12:25,Gemeente Veenendaal,-0.44,scattered clouds
2026-01-20 06:11:50,Gemeente Veenendaal,-0.48,scattered clouds
2026-01-20 07:11:52,Gemeente Veenendaal,-0.44,overcast clouds
2026-01-20 08:09:56,Gemeente Veenendaal,-0.38,overcast clouds
2026-01-20 09:12:54,Gemeente Veenendaal,0.71,broken clouds
2026-01-20 10:09:17,Gemeente Veenendaal,1.9,broken clouds
2026-01-20 11:08:09,Gemeente Veenendaal,3.64,broken clouds
2026-01-20 12:12:17,Gemeente Veenendaal,4.37,broken clouds
2026-01-20 13:21:25,Gemeente Veenendaal,4.42,scattered clouds
2026-01-20 14:12:41,Gemeente Veenendaal,4.77,broken clouds
2026-01-20 15:11:15,Gemeente Veenendaal,3.92,broken clouds
2026-01-20 16:10:43,Gemeente Veenendaal,1.99,broken clouds
2026-01-20 17:11:09,Gemeente Veenendaal,1.78,broken clouds
2026-01-20 18:11:11,Gemeente Veenendaal,1.44,broken clouds
2026-01-20 19:27:44,Gemeente Veenendaal,1.1,overcast clouds
2026-01-20 20:25:41,Gemeente Veenendaal,1.4,overcast clouds
2026-01-20 21:06:58,Gemeente Veenendaal,1.55,overcast clouds
2026-01-20 22:06:46,Gemeente Veenendaal,1.42,overcast clouds
2026-01-20 23:06:24,Gemeente Veenendaal,1.43,overcast clouds
2026-01-21 00:30:24,Gemeente Veenendaal,1.45,overcast clouds
2026-01-21 01:35:50,Gemeente Veenendaal,1.44,overcast clouds
2026-01-21 02:44:52,Gemeente Veenendaal,1.4,overcast clouds
2026-01-21 03:36:03,Gemeente Veenendaal,1.39,overcast clouds
2026-01-21 04:23:50,Gemeente Veenendaal,1.53,light snow
2026-01-21 05:12:34,Gemeente Veenendaal,1.97,light rain
2026-01-21 06:11:46,Gemeente Veenendaal,2.12,moderate rain
2026-01-21 07:12:12,Gemeente Veenendaal,2.4,overcast clouds
2026-01-21 08:09:39,Gemeente Veenendaal,2.6,overcast clouds
2026-01-21 09:11:18,Gemeente Veenendaal,3.09,light rain
2026-01-21 10:08:34,Gemeente Veenendaal,3.8,light rain
2026-01-21 11:08:13,Gemeente Veenendaal,4.67,overcast clouds
2026-01-21 12:12:17,Gemeente Veenendaal,6.01,overcast clouds
2026-01-21 13:20:54,Gemeente Veenendaal,7.09,overcast clouds
2026-01-21 14:12:32,Gemeente Veenendaal,7.39,overcast clouds
2026-01-21 15:11:13,Gemeente Veenendaal,7.28,overcast clouds
2026-01-21 16:11:54,Gemeente Veenendaal,6.32,overcast clouds
2026-01-21 17:25:58,Gemeente Veenendaal,5.45,overcast clouds
2026-01-21 18:17:13,Gemeente Veenendaal,4.96,overcast clouds
2026-01-21 19:12:18,Gemeente Veenendaal,4.95,overcast clouds
2026-01-21 20:10:59,Gemeente Veenendaal,4.24,overcast clouds
2026-01-21 21:10:53,Gemeente Veenendaal,4.11,overcast clouds
2026-01-21 22:07:42,Gemeente Veenendaal,3.46,broken clouds
2026-01-21 23:08:00,Gemeente Veenendaal,3.07,broken clouds
2026-01-22 00:30:55,Gemeente Veenendaal,2.6,broken clouds
2026-01-22 01:36:16,Gemeente Veenendaal,2.39,broken clouds
2026-01-22 02:48:47,Gemeente Veenendaal,1.86,scattered clouds
2026-01-22 03:36:50,Gemeente Veenendaal,1.72,scattered clouds
2026-01-22 04:25:06,Gemeente Veenendaal,1.39,scattered clouds
2026-01-22 05:12:40,Gemeente Veenendaal,1.25,scattered clouds
2026-01-22 06:11:04,Gemeente Veenendaal,0.49,scattered clouds
2026-01-22 07:11:14,Gemeente Veenendaal,0.51,scattered clouds
2026-01-22 08:09:28,Gemeente Veenendaal,0.28,few clouds
2026-01-22 09:12:21,Gemeente Veenendaal,1.03,few clouds
2026-01-22 10:09:21,Gemeente Veenendaal,2.08,scattered clouds
2026-01-22 11:08:07,Gemeente Veenendaal,3.59,scattered clouds
2026-01-22 12:12:35,Gemeente Veenendaal,4.08,broken clouds
2026-01-22 13:21:03,Gemeente Veenendaal,5.14,overcast clouds
2026-01-22 14:13:10,Gemeente Veenendaal,4.94,overcast clouds
2026-01-22 15:10:52,Gemeente Veenendaal,4.45,overcast clouds
2026-01-22 16:10:40,Gemeente Veenendaal,3.43,overcast clouds
2026-01-22 17:10:58,Gemeente Veenendaal,2.91,overcast clouds
2026-01-22 18:09:34,Gemeente Veenendaal,2.5,overcast clouds
2026-01-22 19:09:30,Gemeente Veenendaal,2.49,overcast clouds
2026-01-22 20:08:03,Gemeente Veenendaal,2.21,overcast clouds
2026-01-22 21:08:10,Gemeente Veenendaal,2.02,overcast clouds
2026-01-22 22:06:42,Gemeente Veenendaal,2.06,overcast clouds
2026-01-22 23:06:42,Gemeente Veenendaal,2.54,overcast clouds
2026-01-23 00:30:00,Gemeente Veenendaal,2.53,overcast clouds
2026-01-23 01:35:13,Gemeente Veenendaal,2.92,overcast clouds
2026-01-23 02:45:14,Gemeente Veenendaal,3.6,overcast clouds
2026-01-23 03:35:27,Gemeente Veenendaal,3.6,overcast clouds
2026-01-23 04:22:36,Gemeente Veenendaal,3.38,overcast clouds
2026-01-23 05:11:28,Gemeente Veenendaal,3.37,broken clouds
2026-01-23 06:10:34,Gemeente Veenendaal,3.12,broken clouds
2026-01-23 07:10:06,Gemeente Veenendaal,3.39,overcast clouds
2026-01-23 08:09:22,Gemeente Veenendaal,3.59,broken clouds
2026-01-23 09:10:44,Gemeente Veenendaal,3.92,broken clouds
2026-01-23 10:07:32,Gemeente Veenendaal,4.94,broken clouds
2026-01-23 11:07:14,Gemeente Veenendaal,5.93,broken clouds
2026-01-23 12:11:57,Gemeente Veenendaal,6.13,broken clouds
2026-01-23 13:19:49,Gemeente Veenendaal,6.26,overcast clouds
2026-01-23 14:09:06,Gemeente Veenendaal,6.37,overcast clouds
2026-01-23 15:08:41,Gemeente Veenendaal,6.8,overcast clouds
2026-01-23 16:09:20,Gemeente Veenendaal,6.07,overcast clouds
2026-01-23 17:09:50,Gemeente Veenendaal,5.3,overcast clouds
2026-01-23 18:09:47,Gemeente Veenendaal,4.43,overcast clouds
2026-01-23 19:09:18,Gemeente Veenendaal,3.81,overcast clouds
2026-01-23 20:07:33,Gemeente Veenendaal,3.86,overcast clouds
2026-01-23 21:06:29,Gemeente Veenendaal,3.68,overcast clouds
2026-01-23 22:05:50,Gemeente Veenendaal,3.76,overcast clouds
2026-01-23 23:06:32,Gemeente Veenendaal,3.23,overcast clouds
2026-01-24 00:28:25,Gemeente Veenendaal,2.63,overcast clouds
2026-01-24 01:35:14,Gemeente Veenendaal,2.04,overcast clouds
2026-01-24 02:41:43,Gemeente Veenendaal,1.69,overcast clouds
2026-01-24 03:34:28,Gemeente Veenendaal,1.53,overcast clouds
2026-01-24 04:17:41,Gemeente Veenendaal,1.47,overcast clouds
2026-01-24 05:07:12,Gemeente Veenendaal,1.63,overcast clouds
2026-01-24 06:09:04,Gemeente Veenendaal,1.43,overcast clouds
2026-01-24 07:06:58,Gemeente Veenendaal,1.33,overcast clouds
2026-01-24 08:07:46,Gemeente Veenendaal,0.98,overcast clouds
2026-01-24 09:06:19,Gemeente Veenendaal,1.77,overcast clouds
2026-01-24 10:06:11,Gemeente Veenendaal,3.07,overcast clouds
2026-01-24 11:05:54,Gemeente Veenendaal,4.37,overcast clouds
2026-01-24 12:10:25,Gemeente Veenendaal,6.39,overcast clouds
2026-01-24 13:14:24,Gemeente Veenendaal,7.07,scattered clouds
2026-01-24 14:06:06,Gemeente Veenendaal,6.29,few clouds
2026-01-24 15:05:55,Gemeente Veenendaal,5.84,few clouds
2026-01-24 16:06:56,Gemeente Veenendaal,4.39,few clouds
2026-01-24 17:05:15,Gemeente Veenendaal,3.52,scattered clouds
2026-01-24 18:09:02,Gemeente Veenendaal,2.72,scattered clouds
2026-01-24 19:04:59,Gemeente Veenendaal,1.48,overcast clouds
2026-01-24 20:06:00,Gemeente Veenendaal,0.94,overcast clouds
2026-01-24 21:05:39,Gemeente Veenendaal,0.19,overcast clouds
2026-01-24 22:05:59,Gemeente Veenendaal,-0.24,overcast clouds
2026-01-24 23:06:09,Gemeente Veenendaal,-0.68,overcast clouds
2026-01-25 00:32:46,Gemeente Veenendaal,-0.82,overcast clouds
2026-01-25 01:35:57,Gemeente Veenendaal,-1.01,broken clouds
2026-01-25 02:53:17,Gemeente Veenendaal,-1.07,broken clouds
2026-01-25 03:39:08,Gemeente Veenendaal,-1.22,broken clouds
2026-01-25 04:27:44,Gemeente Veenendaal,-1.21,broken clouds
2026-01-25 05:12:47,Gemeente Veenendaal,-1.26,broken clouds
2026-01-25 06:09:35,Gemeente Veenendaal,-1.31,broken clouds
2026-01-25 07:07:36,Gemeente Veenendaal,-1.78,overcast clouds
2026-01-25 08:08:20,Gemeente Veenendaal,-1.91,overcast clouds
2026-01-25 09:06:47,Gemeente Veenendaal,-1.49,overcast clouds
2026-01-25 10:06:25,Gemeente Veenendaal,-0.4,overcast clouds
2026-01-25 11:05:39,Gemeente Veenendaal,0.55,overcast clouds
2026-01-25 12:11:01,Gemeente Veenendaal,1.92,overcast clouds
2026-01-25 13:15:29,Gemeente Veenendaal,2.41,overcast clouds
2026-01-25 14:06:00,Gemeente Veenendaal,2,overcast clouds
2026-01-25 15:06:03,Gemeente Veenendaal,0.62,overcast clouds
2026-01-25 16:07:17,Gemeente Veenendaal,0.33,overcast clouds
2026-01-25 17:05:38,Gemeente Veenendaal,-0.46,overcast clouds
2026-01-25 18:08:54,Gemeente Veenendaal,-1.12,overcast clouds
2026-01-25 19:05:26,Gemeente Veenendaal,-1.33,overcast clouds
2026-01-25 20:07:02,Gemeente Veenendaal,-1.76,overcast clouds
2026-01-25 21:05:50,Gemeente Veenendaal,-2.1,overcast clouds
2026-01-25 22:06:00,Gemeente Veenendaal,-2.01,overcast clouds
2026-01-25 23:06:19,Gemeente Veenendaal,-1.38,overcast clouds
2026-01-26 00:31:54,Gemeente Veenendaal,-1.22,few clouds
2026-01-26 01:36:36,Gemeente Veenendaal,-0.82,broken clouds
2026-01-26 02:53:57,Gemeente Veenendaal,-0.61,broken clouds
2026-01-26 03:41:35,Gemeente Veenendaal,-0.55,broken clouds
2026-01-26 04:29:33,Gemeente Veenendaal,-0.48,broken clouds
2026-01-26 05:15:34,Gemeente Veenendaal,-0.48,overcast clouds
2026-01-26 06:12:16,Gemeente Veenendaal,-0.46,broken clouds
2026-01-26 07:12:32,Gemeente Veenendaal,-0.46,overcast clouds
2026-01-26 08:10:14,Gemeente Veenendaal,-0.21,overcast clouds
2026-01-26 09:13:30,Gemeente Veenendaal,0.1,overcast clouds
2026-01-26 10:08:45,Gemeente Veenendaal,0.4,overcast clouds
2026-01-26 11:07:23,Gemeente Veenendaal,1,overcast clouds
2026-01-26 12:12:53,Gemeente Veenendaal,1.6,overcast clouds
2026-01-26 13:20:42,Gemeente Veenendaal,2.11,overcast clouds
2026-01-26 14:11:20,Gemeente Veenendaal,2.31,overcast clouds
2026-01-26 15:09:54,Gemeente Veenendaal,2.46,overcast clouds
2026-01-26 16:10:08,Gemeente Veenendaal,2.31,overcast clouds
2026-01-26 17:11:21,Gemeente Veenendaal,1.88,overcast clouds
2026-01-26 18:10:35,Gemeente Veenendaal,1.99,overcast clouds
2026-01-26 19:09:48,Gemeente Veenendaal,1.9,overcast clouds
2026-01-26 20:07:50,Gemeente Veenendaal,1.6,overcast clouds
2026-01-26 21:07:59,Gemeente Veenendaal,1.5,overcast clouds
2026-01-26 22:06:29,Gemeente Veenendaal,1.45,overcast clouds
2026-01-26 23:07:32,Gemeente Veenendaal,1.25,overcast clouds
2026-01-27 00:31:19,Gemeente Veenendaal,1.05,overcast clouds
2026-01-27 01:35:56,Gemeente Veenendaal,0.69,overcast clouds
2026-01-27 02:49:42,Gemeente Veenendaal,0.36,overcast clouds
2026-01-27 03:36:47,Gemeente Veenendaal,0.39,overcast clouds
2026-01-27 04:24:02,Gemeente Veenendaal,0.34,overcast clouds
2026-01-27 05:11:47,Gemeente Veenendaal,0.49,overcast clouds
2026-01-27 06:10:49,Gemeente Veenendaal,0.34,overcast clouds
2026-01-27 07:11:45,Gemeente Veenendaal,0.34,overcast clouds
2026-01-27 08:09:55,Gemeente Veenendaal,0.09,overcast clouds
2026-01-27 09:12:07,Gemeente Veenendaal,0.06,overcast clouds
2026-01-27 10:08:48,Gemeente Veenendaal,0.71,overcast clouds
2026-01-27 11:08:07,Gemeente Veenendaal,1.47,overcast clouds
2026-01-27 12:12:29,Gemeente Veenendaal,2.49,light rain
2026-01-27 13:21:24,Gemeente Veenendaal,3.17,light rain
2026-01-27 14:13:11,Gemeente Veenendaal,3.73,overcast clouds
2026-01-27 15:11:50,Gemeente Veenendaal,3.96,light rain
2026-01-27 16:09:14,Gemeente Veenendaal,3.85,moderate rain
2026-01-27 17:10:36,Gemeente Veenendaal,2.97,moderate rain
2026-01-27 18:12:03,Gemeente Veenendaal,2.43,moderate rain
2026-01-27 19:11:32,Gemeente Veenendaal,2.43,moderate rain
2026-01-27 20:07:34,Gemeente Veenendaal,2.9,light rain
2026-01-27 21:05:15,Gemeente Veenendaal,3.3,overcast clouds
2026-01-27 22:07:04,Gemeente Veenendaal,3.63,overcast clouds
2026-01-27 23:06:37,Gemeente Veenendaal,3.84,light rain
2026-01-28 00:29:56,Gemeente Veenendaal,3.84,overcast clouds
2026-01-28 01:35:37,Gemeente Veenendaal,4.52,overcast clouds
2026-01-28 02:47:09,Gemeente Veenendaal,4.45,overcast clouds
2026-01-28 03:36:06,Gemeente Veenendaal,4.3,overcast clouds
2026-01-28 04:23:29,Gemeente Veenendaal,4.58,overcast clouds
2026-01-28 05:11:51,Gemeente Veenendaal,4.23,overcast clouds
2026-01-28 06:11:45,Gemeente Veenendaal,4.06,overcast clouds
2026-01-28 07:10:46,Gemeente Veenendaal,4.29,overcast clouds
2026-01-28 08:09:44,Gemeente Veenendaal,3.93,overcast clouds
2026-01-28 09:13:26,Gemeente Veenendaal,3.79,overcast clouds
2026-01-28 10:08:55,Gemeente Veenendaal,3.45,overcast clouds
2026-01-28 11:08:23,Gemeente Veenendaal,3.52,overcast clouds
2026-01-28 12:12:59,Gemeente Veenendaal,3.62,overcast clouds
2026-01-28 13:22:22,Gemeente Veenendaal,3.35,overcast clouds
2026-01-28 14:12:54,Gemeente Veenendaal,3.24,overcast clouds
2026-01-28 15:11:55,Gemeente Veenendaal,2.22,overcast clouds
2026-01-28 16:12:24,Gemeente Veenendaal,1.48,overcast clouds
2026-01-28 17:14:22,Gemeente Veenendaal,0.93,overcast clouds
2026-01-28 18:12:11,Gemeente Veenendaal,0.64,overcast clouds
2026-01-28 19:10:35,Gemeente Veenendaal,0.63,overcast clouds
2026-01-28 20:09:14,Gemeente Veenendaal,0.46,overcast clouds
2026-01-28 21:10:29,Gemeente Veenendaal,0.3,overcast clouds
2026-01-28 22:08:59,Gemeente Veenendaal,0.06,light snow
2026-01-28 23:09:14,Gemeente Veenendaal,0.33,light snow
2026-01-29 00:33:45,Gemeente Veenendaal,0.04,light snow
2026-01-29 01:36:47,Gemeente Veenendaal,-0.25,light snow
2026-01-29 03:00:14,Gemeente Veenendaal,-0.46,light snow
2026-01-29 04:36:18,Gemeente Veenendaal,-0.46,snow
2026-01-29 05:22:10,Gemeente Veenendaal,-0.46,snow
2026-01-29 06:19:39,Gemeente Veenendaal,-0.64,light snow
2026-01-29 07:20:45,Gemeente Veenendaal,-0.72,light snow
2026-01-29 08:14:24,Gemeente Veenendaal,-0.91,overcast clouds
2026-01-29 09:17:25,Gemeente Veenendaal,-0.48,overcast clouds
2026-01-29 10:15:37,Gemeente Veenendaal,-0.14,overcast clouds
2026-01-29 11:13:29,Gemeente Veenendaal,0.08,overcast clouds
2026-01-29 12:15:39,Gemeente Veenendaal,0.08,overcast clouds
2026-01-29 13:27:55,Gemeente Veenendaal,0.22,overcast clouds
2026-01-29 14:18:12,Gemeente Veenendaal,0.16,overcast clouds
2026-01-29 15:14:17,Gemeente Veenendaal,0.32,overcast clouds
2026-01-29 16:15:15,Gemeente Veenendaal,0.32,overcast clouds
2026-01-29 17:15:55,Gemeente Veenendaal,0.32,overcast clouds
2026-01-29 18:16:15,Gemeente Veenendaal,0.32,overcast clouds
2026-01-29 19:14:48,Gemeente Veenendaal,0.32,overcast clouds
2026-01-29 20:09:43,Gemeente Veenendaal,0.34,overcast clouds
2026-01-29 21:09:23,Gemeente Veenendaal,0.34,overcast clouds
2026-01-29 22:09:00,Gemeente Veenendaal,0.34,overcast clouds
2026-01-29 23:09:12,Gemeente Veenendaal,0.66,overcast clouds
2026-01-30 00:33:44,Gemeente Veenendaal,0.66,light snow
2026-01-30 01:37:36,Gemeente Veenendaal,0.66,overcast clouds
2026-01-30 03:00:57,Gemeente Veenendaal,0.66,broken clouds
2026-01-30 04:35:49,Gemeente Veenendaal,0.66,broken clouds
2026-01-30 05:23:36,Gemeente Veenendaal,0.68,broken clouds
2026-01-30 06:20:13,Gemeente Veenendaal,0.68,broken clouds
2026-01-30 07:20:07,Gemeente Veenendaal,0.75,overcast clouds
2026-01-30 08:13:19,Gemeente Veenendaal,0.88,overcast clouds
2026-01-30 09:15:34,Gemeente Veenendaal,0.88,overcast clouds
2026-01-30 10:12:41,Gemeente Veenendaal,0.73,broken clouds
2026-01-30 11:12:12,Gemeente Veenendaal,1.7,broken clouds
2026-01-30 12:14:55,Gemeente Veenendaal,2.75,broken clouds
2026-01-30 13:26:54,Gemeente Veenendaal,2.81,broken clouds
2026-01-30 14:15:12,Gemeente Veenendaal,3.32,few clouds
2026-01-30 15:13:29,Gemeente Veenendaal,3.02,few clouds
2026-01-30 16:13:09,Gemeente Veenendaal,2.23,scattered clouds
2026-01-30 17:14:59,Gemeente Veenendaal,2.29,scattered clouds
2026-01-30 18:14:30,Gemeente Veenendaal,2.8,broken clouds
2026-01-30 19:14:30,Gemeente Veenendaal,3.2,overcast clouds
2026-01-30 20:09:09,Gemeente Veenendaal,3.2,overcast clouds
2026-01-30 21:09:08,Gemeente Veenendaal,3.24,overcast clouds
2026-01-30 22:07:11,Gemeente Veenendaal,3.53,overcast clouds
2026-01-30 23:09:05,Gemeente Veenendaal,3.29,overcast clouds
2026-01-31 00:32:39,Gemeente Veenendaal,3.38,overcast clouds
2026-01-31 01:36:24,Gemeente Veenendaal,3.41,overcast clouds
2026-01-31 02:57:31,Gemeente Veenendaal,3.75,overcast clouds
2026-01-31 03:49:28,Gemeente Veenendaal,3.96,light rain
2026-01-31 04:34:05,Gemeente Veenendaal,4.02,light rain
2026-01-31 05:19:27,Gemeente Veenendaal,4.02,light rain
2026-01-31 06:14:04,Gemeente Veenendaal,4.02,overcast clouds
2026-01-31 07:13:01,Gemeente Veenendaal,4.48,overcast clouds
2026-01-31 08:08:39,Gemeente Veenendaal,4.48,overcast clouds
2026-01-31 09:09:08,Gemeente Veenendaal,4.82,overcast clouds
2026-01-31 10:06:39,Gemeente Veenendaal,5.03,overcast clouds
2026-01-31 11:07:01,Gemeente Veenendaal,5.49,overcast clouds
2026-01-31 12:11:24,Gemeente Veenendaal,6.43,light rain
2026-01-31 13:19:03,Gemeente Veenendaal,7.06,overcast clouds
2026-01-31 14:08:05,Gemeente Veenendaal,7.56,overcast clouds
2026-01-31 15:06:47,Gemeente Veenendaal,7.72,overcast clouds
2026-01-31 16:07:35,Gemeente Veenendaal,7.56,overcast clouds
2026-01-31 17:07:44,Gemeente Veenendaal,7.28,overcast clouds
2026-01-31 18:09:47,Gemeente Veenendaal,6.91,overcast clouds
2026-01-31 19:07:18,Gemeente Veenendaal,6.49,overcast clouds
2026-01-31 20:07:14,Gemeente Veenendaal,6.24,overcast clouds
2026-01-31 21:05:56,Gemeente Veenendaal,5.92,overcast clouds
2026-01-31 22:06:26,Gemeente Veenendaal,5.61,overcast clouds
2026-01-31 23:06:55,Gemeente Veenendaal,4.72,overcast clouds
2026-02-01 00:40:42,Gemeente Veenendaal,4.34,overcast clouds
2026-02-01 01:36:51,Gemeente Veenendaal,3.68,overcast clouds
2026-02-01 03:07:44,Gemeente Veenendaal,3.43,overcast clouds
2026-02-01 04:47:23,Gemeente Veenendaal,3.73,overcast clouds
2026-02-01 05:31:19,Gemeente Veenendaal,3.5,overcast clouds
2026-02-01 06:21:18,Gemeente Veenendaal,3.5,overcast clouds
2026-02-01 07:18:25,Gemeente Veenendaal,3.78,overcast clouds
2026-02-01 08:10:39,Gemeente Veenendaal,3.81,overcast clouds
2026-02-01 09:10:46,Gemeente Veenendaal,4.15,overcast clouds
2026-02-01 10:07:45,Gemeente Veenendaal,5.11,overcast clouds
2026-02-01 11:07:04,Gemeente Veenendaal,6.47,overcast clouds
2026-02-01 12:12:08,Gemeente Veenendaal,7.33,overcast clouds
2026-02-01 13:20:19,Gemeente Veenendaal,8.1,overcast clouds
2026-02-01 14:09:26,Gemeente Veenendaal,7.97,overcast clouds
2026-02-01 15:07:55,Gemeente Veenendaal,7.99,overcast clouds
2026-02-01 16:08:27,Gemeente Veenendaal,7.66,overcast clouds
2026-02-01 17:08:07,Gemeente Veenendaal,7.09,overcast clouds
2026-02-01 18:10:48,Gemeente Veenendaal,6.72,overcast clouds
2026-02-01 19:10:18,Gemeente Veenendaal,6.38,overcast clouds
2026-02-01 20:07:26,Gemeente Veenendaal,6.43,overcast clouds
2026-02-01 21:07:37,Gemeente Veenendaal,5.88,overcast clouds
2026-02-01 22:06:51,Gemeente Veenendaal,5.61,overcast clouds
2026-02-01 23:08:23,Gemeente Veenendaal,5.29,overcast clouds
2026-02-02 00:35:57,Gemeente Veenendaal,4.9,overcast clouds
2026-02-02 01:38:19,Gemeente Veenendaal,4.86,overcast clouds
2026-02-02 03:07:35,Gemeente Veenendaal,4.58,overcast clouds
2026-02-02 04:44:40,Gemeente Veenendaal,4.24,overcast clouds
2026-02-02 05:33:57,Gemeente Veenendaal,4.46,overcast clouds
2026-02-02 06:29:07,Gemeente Veenendaal,4.39,overcast clouds
2026-02-02 07:25:45,Gemeente Veenendaal,3.47,broken clouds
2026-02-02 08:17:39,Gemeente Veenendaal,2.88,overcast clouds
2026-02-02 09:21:05,Gemeente Veenendaal,3.29,overcast clouds
2026-02-02 10:20:23,Gemeente Veenendaal,4.45,overcast clouds
2026-02-02 11:17:55,Gemeente Veenendaal,5.49,overcast clouds
2026-02-02 12:16:13,Gemeente Veenendaal,6.66,overcast clouds
2026-02-02 13:30:09,Gemeente Veenendaal,6.91,broken clouds
2026-02-02 14:19:19,Gemeente Veenendaal,7.18,broken clouds
2026-02-02 15:18:28,Gemeente Veenendaal,7.04,broken clouds
2026-02-02 16:12:01,Gemeente Veenendaal,5.8,broken clouds
2026-02-02 17:17:31,Gemeente Veenendaal,4.51,broken clouds
2026-02-02 18:15:45,Gemeente Veenendaal,3.5,broken clouds
2026-02-02 23:09:30,Gemeente Veenendaal,0.04,few clouds
2026-02-03 00:36:11,Gemeente Veenendaal,-1.05,broken clouds
2026-02-03 01:37:50,Gemeente Veenendaal,-1.32,broken clouds
2026-02-03 03:04:29,Gemeente Veenendaal,-1.03,broken clouds
2026-02-03 04:37:15,Gemeente Veenendaal,-1.12,broken clouds
2026-02-03 05:26:50,Gemeente Veenendaal,-1.12,broken clouds
2026-02-03 06:21:57,Gemeente Veenendaal,-1.87,overcast clouds
2026-02-03 07:21:09,Gemeente Veenendaal,-1.85,overcast clouds
2026-02-03 08:14:56,Gemeente Veenendaal,-1.82,overcast clouds
2026-02-03 09:16:19,Gemeente Veenendaal,-1.38,overcast clouds
2026-02-03 10:16:29,Gemeente Veenendaal,-0.24,overcast clouds
2026-02-03 11:15:32,Gemeente Veenendaal,0.63,overcast clouds
2026-02-03 12:16:10,Gemeente Veenendaal,1.16,light snow
2026-02-03 13:29:28,Gemeente Veenendaal,1.2,snow
2026-02-03 14:20:51,Gemeente Veenendaal,1.13,snow
2026-02-03 15:19:28,Gemeente Veenendaal,1.35,light snow
2026-02-03 16:21:00,Gemeente Veenendaal,1.57,overcast clouds
2026-02-03 17:22:06,Gemeente Veenendaal,1.77,overcast clouds
2026-02-03 18:22:39,Gemeente Veenendaal,1.3,overcast clouds
2026-02-03 19:21:01,Gemeente Veenendaal,1.3,overcast clouds
2026-02-03 20:13:22,Gemeente Veenendaal,1.3,light snow
2026-02-03 21:13:06,Gemeente Veenendaal,1.62,light snow
2026-02-03 22:10:42,Gemeente Veenendaal,2.62,light rain
2026-02-03 23:10:32,Gemeente Veenendaal,3.37,overcast clouds
2026-02-04 00:32:30,Gemeente Veenendaal,4.7,overcast clouds
2026-02-04 01:37:17,Gemeente Veenendaal,5.09,overcast clouds
2026-02-04 03:01:52,Gemeente Veenendaal,5.09,overcast clouds
2026-02-04 04:35:48,Gemeente Veenendaal,4.92,overcast clouds
2026-02-04 05:24:05,Gemeente Veenendaal,4.97,overcast clouds
2026-02-04 06:21:29,Gemeente Veenendaal,5.14,overcast clouds
2026-02-04 07:21:32,Gemeente Veenendaal,5.14,overcast clouds
2026-02-04 08:15:44,Gemeente Veenendaal,5,broken clouds
2026-02-04 09:18:11,Gemeente Veenendaal,5.42,broken clouds
2026-02-04 10:17:35,Gemeente Veenendaal,6.67,scattered clouds
2026-02-04 11:15:26,Gemeente Veenendaal,7.43,scattered clouds
2026-02-04 12:16:10,Gemeente Veenendaal,8.57,scattered clouds
2026-02-04 13:29:49,Gemeente Veenendaal,9.81,clear sky
2026-02-04 14:19:50,Gemeente Veenendaal,10.12,clear sky
2026-02-04 15:18:32,Gemeente Veenendaal,10.07,clear sky
2026-02-04 16:19:11,Gemeente Veenendaal,8.49,scattered clouds
2026-02-04 17:20:26,Gemeente Veenendaal,6.71,scattered clouds
2026-02-04 18:19:37,Gemeente Veenendaal,5.15,broken clouds
2026-02-04 19:18:56,Gemeente Veenendaal,3.58,overcast clouds
2026-02-04 20:11:32,Gemeente Veenendaal,2.82,overcast clouds
2026-02-04 21:12:53,Gemeente Veenendaal,2.45,overcast clouds
2026-02-04 22:07:22,Gemeente Veenendaal,2.64,overcast clouds
2026-02-04 23:09:02,Gemeente Veenendaal,1.83,overcast clouds
2026-02-05 00:36:10,Gemeente Veenendaal,0.86,overcast clouds
2026-02-05 01:37:27,Gemeente Veenendaal,0.66,overcast clouds
2026-02-05 03:03:38,Gemeente Veenendaal,0.56,overcast clouds
2026-02-05 04:37:43,Gemeente Veenendaal,0.01,overcast clouds
2026-02-05 05:28:33,Gemeente Veenendaal,0.01,overcast clouds
2026-02-05 06:24:55,Gemeente Veenendaal,-0.43,overcast clouds
2026-02-05 07:25:04,Gemeente Veenendaal,-0.19,overcast clouds
2026-02-05 08:16:57,Gemeente Veenendaal,-0.4,overcast clouds
2026-02-05 09:19:42,Gemeente Veenendaal,0.26,overcast clouds
2026-02-05 10:18:14,Gemeente Veenendaal,0.98,overcast clouds
2026-02-05 11:16:34,Gemeente Veenendaal,1.67,overcast clouds
2026-02-05 12:16:59,Gemeente Veenendaal,2.7,overcast clouds
2026-02-05 13:31:10,Gemeente Veenendaal,3.27,overcast clouds
2026-02-05 14:21:16,Gemeente Veenendaal,3.5,overcast clouds
2026-02-05 15:17:24,Gemeente Veenendaal,3.29,overcast clouds
2026-02-05 16:19:10,Gemeente Veenendaal,3,overcast clouds
2026-02-05 17:20:39,Gemeente Veenendaal,2.27,light rain
2026-02-05 18:22:38,Gemeente Veenendaal,1.9,overcast clouds
2026-02-05 19:18:36,Gemeente Veenendaal,1.54,overcast clouds
2026-02-05 20:11:02,Gemeente Veenendaal,1.36,overcast clouds
2026-02-05 21:10:26,Gemeente Veenendaal,1.03,overcast clouds
2026-02-05 22:08:53,Gemeente Veenendaal,1.16,overcast clouds
2026-02-05 23:08:21,Gemeente Veenendaal,1.4,overcast clouds
2026-02-06 00:33:17,Gemeente Veenendaal,1.52,overcast clouds
2026-02-06 01:37:21,Gemeente Veenendaal,1.21,overcast clouds
2026-02-06 03:02:39,Gemeente Veenendaal,1.6,overcast clouds
2026-02-06 04:37:32,Gemeente Veenendaal,1.24,overcast clouds
2026-02-06 05:27:22,Gemeente Veenendaal,1.46,overcast clouds
2026-02-06 06:22:45,Gemeente Veenendaal,1.53,snow
2026-02-06 07:22:43,Gemeente Veenendaal,1.3,light snow
2026-02-06 08:16:27,Gemeente Veenendaal,1.46,snow
2026-02-06 09:19:07,Gemeente Veenendaal,1.95,light rain
2026-02-06 10:16:49,Gemeente Veenendaal,2.91,overcast clouds
2026-02-06 11:15:39,Gemeente Veenendaal,3.76,overcast clouds
2026-02-06 12:16:13,Gemeente Veenendaal,4.7,overcast clouds
2026-02-06 13:29:08,Gemeente Veenendaal,4.99,overcast clouds
2026-02-06 14:19:32,Gemeente Veenendaal,5.92,overcast clouds
2026-02-06 15:17:59,Gemeente Veenendaal,6.11,overcast clouds
2026-02-06 16:16:59,Gemeente Veenendaal,5.93,overcast clouds
2026-02-06 17:18:25,Gemeente Veenendaal,5.93,overcast clouds
2026-02-06 18:19:17,Gemeente Veenendaal,6.1,overcast clouds
2026-02-06 19:18:12,Gemeente Veenendaal,5.88,overcast clouds
2026-02-06 20:10:21,Gemeente Veenendaal,6,overcast clouds
2026-02-06 21:10:35,Gemeente Veenendaal,5.99,overcast clouds
2026-02-06 22:06:48,Gemeente Veenendaal,5.84,overcast clouds
2026-02-06 23:08:51,Gemeente Veenendaal,5.8,overcast clouds
2026-02-07 00:33:59,Gemeente Veenendaal,6.38,few clouds
2026-02-07 01:36:38,Gemeente Veenendaal,6.86,broken clouds
2026-02-07 02:59:21,Gemeente Veenendaal,5.93,broken clouds
2026-02-07 03:51:37,Gemeente Veenendaal,5.1,broken clouds
2026-02-07 04:34:50,Gemeente Veenendaal,5.15,broken clouds
2026-02-07 05:21:09,Gemeente Veenendaal,4.18,broken clouds
2026-02-07 06:16:51,Gemeente Veenendaal,3.73,broken clouds
2026-02-07 07:15:31,Gemeente Veenendaal,4.33,overcast clouds
2026-02-07 08:10:19,Gemeente Veenendaal,5.25,overcast clouds
2026-02-07 09:10:28,Gemeente Veenendaal,5.76,overcast clouds
2026-02-07 10:07:51,Gemeente Veenendaal,8.04,broken clouds
2026-02-07 11:06:58,Gemeente Veenendaal,9.57,broken clouds
2026-02-07 12:12:01,Gemeente Veenendaal,11.02,broken clouds
2026-02-07 13:20:27,Gemeente Veenendaal,11.73,overcast clouds
2026-02-07 14:10:01,Gemeente Veenendaal,11.79,overcast clouds
2026-02-07 15:07:57,Gemeente Veenendaal,11.95,overcast clouds
2026-02-07 16:08:24,Gemeente Veenendaal,10.74,broken clouds
2026-02-07 17:09:29,Gemeente Veenendaal,8.94,broken clouds
2026-02-07 18:10:20,Gemeente Veenendaal,7.36,broken clouds
2026-02-07 19:09:56,Gemeente Veenendaal,6.8,overcast clouds
2026-02-07 20:07:31,Gemeente Veenendaal,7.41,overcast clouds
2026-02-07 21:08:52,Gemeente Veenendaal,7.07,overcast clouds
2026-02-07 22:07:54,Gemeente Veenendaal,6.35,overcast clouds
2026-02-07 23:09:35,Gemeente Veenendaal,5.82,overcast clouds
2026-02-08 00:44:31,Gemeente Veenendaal,4.8,overcast clouds
2026-02-08 01:38:15,Gemeente Veenendaal,4.36,overcast clouds
2026-02-08 03:07:28,Gemeente Veenendaal,3.65,overcast clouds
2026-02-08 04:48:33,Gemeente Veenendaal,3.48,overcast clouds
2026-02-08 05:32:51,Gemeente Veenendaal,3.35,broken clouds
2026-02-08 06:21:48,Gemeente Veenendaal,2.88,broken clouds
2026-02-08 07:18:55,Gemeente Veenendaal,2.97,scattered clouds
2026-02-08 08:10:51,Gemeente Veenendaal,3.18,broken clouds
2026-02-08 09:10:51,Gemeente Veenendaal,3.52,broken clouds
2026-02-08 10:07:56,Gemeente Veenendaal,5.27,broken clouds
2026-02-08 11:07:57,Gemeente Veenendaal,7.77,broken clouds
2026-02-08 12:12:25,Gemeente Veenendaal,9.45,broken clouds
2026-02-08 13:20:18,Gemeente Veenendaal,4.24,clear sky
2026-02-08 14:11:39,Gemeente Veenendaal,5.24,few clouds
2026-02-08 15:08:47,Gemeente Veenendaal,5.24,few clouds
2026-02-08 16:08:58,Gemeente Veenendaal,5.64,few clouds
2026-02-08 17:09:19,Gemeente Veenendaal,5.4,few clouds
2026-02-08 18:11:13,Gemeente Veenendaal,4.75,few clouds
2026-02-08 19:10:38,Gemeente Veenendaal,4.87,scattered clouds
2026-02-08 20:07:22,Gemeente Veenendaal,4.75,few clouds
2026-02-08 21:08:56,Gemeente Veenendaal,4.47,few clouds
2026-02-08 22:08:25,Gemeente Veenendaal,4.11,few clouds
2026-02-08 23:10:58,Gemeente Veenendaal,4.02,scattered clouds
2026-02-09 00:36:56,Gemeente Veenendaal,3.46,overcast clouds
2026-02-09 01:38:22,Gemeente Veenendaal,3.25,overcast clouds
2026-02-09 03:07:42,Gemeente Veenendaal,2.82,overcast clouds
2026-02-09 04:45:39,Gemeente Veenendaal,2.51,overcast clouds
2026-02-09 05:34:21,Gemeente Veenendaal,2.51,overcast clouds
2026-02-09 06:30:14,Gemeente Veenendaal,2.19,overcast clouds
2026-02-09 07:28:11,Gemeente Veenendaal,2.21,overcast clouds
2026-02-09 08:20:33,Gemeente Veenendaal,2.09,overcast clouds
2026-02-09 09:28:39,Gemeente Veenendaal,2.43,overcast clouds
2026-02-09 10:32:33,Gemeente Veenendaal,3.14,overcast clouds
2026-02-09 11:23:54,Gemeente Veenendaal,3.07,overcast clouds
2026-02-09 12:24:00,Gemeente Veenendaal,3.91,overcast clouds
2026-02-09 13:46:31,Gemeente Veenendaal,4.93,overcast clouds
2026-02-09 14:33:26,Gemeente Veenendaal,5.24,overcast clouds
2026-02-09 15:23:39,Gemeente Veenendaal,5.63,overcast clouds
2026-02-09 16:24:10,Gemeente Veenendaal,5.94,overcast clouds
2026-02-09 17:21:37,Gemeente Veenendaal,4.87,overcast clouds
2026-02-09 18:22:40,Gemeente Veenendaal,4.19,overcast clouds
2026-02-09 19:32:05,Gemeente Veenendaal,3.52,overcast clouds
2026-02-09 20:15:32,Gemeente Veenendaal,3.48,overcast clouds
2026-02-09 21:15:59,Gemeente Veenendaal,3.15,overcast clouds
2026-02-09 22:14:08,Gemeente Veenendaal,2.9,overcast clouds
2026-02-09 23:15:45,Gemeente Veenendaal,2.52,overcast clouds
2026-02-10 00:41:45,Gemeente Veenendaal,2.62,overcast clouds
2026-02-10 01:39:09,Gemeente Veenendaal,2.79,overcast clouds
2026-02-10 03:07:56,Gemeente Veenendaal,2.18,overcast clouds
2026-02-10 04:49:12,Gemeente Veenendaal,1.87,overcast clouds
2026-02-10 05:34:44,Gemeente Veenendaal,2.03,overcast clouds
2026-02-10 06:30:40,Gemeente Veenendaal,2.15,overcast clouds
2026-02-10 07:28:14,Gemeente Veenendaal,1.95,overcast clouds
2026-02-10 08:19:44,Gemeente Veenendaal,2.48,overcast clouds
2026-02-10 09:24:18,Gemeente Veenendaal,3.87,overcast clouds
2026-02-10 10:23:10,Gemeente Veenendaal,4.47,overcast clouds
2026-02-10 11:22:24,Gemeente Veenendaal,5.29,overcast clouds
2026-02-10 12:23:52,Gemeente Veenendaal,6.03,overcast clouds
2026-02-10 13:34:44,Gemeente Veenendaal,6.45,overcast clouds
2026-02-10 14:32:02,Gemeente Veenendaal,6.92,overcast clouds
2026-02-10 15:29:24,Gemeente Veenendaal,7.52,overcast clouds
2026-02-10 16:27:31,Gemeente Veenendaal,7.57,overcast clouds
2026-02-10 17:25:51,Gemeente Veenendaal,7.7,light rain
2026-02-10 18:27:16,Gemeente Veenendaal,7.85,light rain
2026-02-10 19:28:11,Gemeente Veenendaal,7.7,overcast clouds
2026-02-10 20:17:18,Gemeente Veenendaal,7.89,overcast clouds
2026-02-10 21:18:42,Gemeente Veenendaal,8.02,overcast clouds
2026-02-10 22:17:27,Gemeente Veenendaal,7.77,overcast clouds
2026-02-10 23:17:12,Gemeente Veenendaal,7.52,overcast clouds
2026-02-11 00:40:55,Gemeente Veenendaal,7.54,overcast clouds
2026-02-11 01:39:02,Gemeente Veenendaal,7.54,light rain
2026-02-11 03:07:47,Gemeente Veenendaal,7.54,light rain
2026-02-11 04:48:06,Gemeente Veenendaal,7.56,overcast clouds
2026-02-11 05:34:23,Gemeente Veenendaal,7.38,overcast clouds
2026-02-11 06:29:35,Gemeente Veenendaal,7.33,overcast clouds
2026-02-11 07:26:32,Gemeente Veenendaal,7.56,overcast clouds
2026-02-11 08:18:45,Gemeente Veenendaal,7.8,overcast clouds
2026-02-11 09:21:33,Gemeente Veenendaal,8.16,overcast clouds
2026-02-11 10:21:50,Gemeente Veenendaal,8.88,overcast clouds
2026-02-11 11:20:21,Gemeente Veenendaal,9.35,overcast clouds
2026-02-11 12:22:17,Gemeente Veenendaal,9.89,overcast clouds
2026-02-11 13:34:37,Gemeente Veenendaal,9.85,overcast clouds
2026-02-11 14:27:17,Gemeente Veenendaal,10.2,light rain
2026-02-11 15:24:37,Gemeente Veenendaal,10.05,overcast clouds
2026-02-11 16:26:46,Gemeente Veenendaal,10.08,overcast clouds
2026-02-11 17:25:02,Gemeente Veenendaal,9.94,overcast clouds
2026-02-11 18:24:48,Gemeente Veenendaal,9.45,moderate rain
2026-02-11 19:25:29,Gemeente Veenendaal,9.34,overcast clouds
2026-02-11 20:13:44,Gemeente Veenendaal,8.81,overcast clouds
2026-02-11 21:15:10,Gemeente Veenendaal,8.08,overcast clouds
2026-02-11 22:11:03,Gemeente Veenendaal,7.67,overcast clouds
2026-02-11 23:12:08,Gemeente Veenendaal,7.86,overcast clouds
2026-02-12 00:35:53,Gemeente Veenendaal,7.65,light rain
2026-02-12 01:38:17,Gemeente Veenendaal,7.77,moderate rain
2026-02-12 03:07:12,Gemeente Veenendaal,7.65,moderate rain
2026-02-12 04:43:36,Gemeente Veenendaal,7.71,moderate rain
2026-02-12 05:33:59,Gemeente Veenendaal,7.71,moderate rain
2026-02-12 06:29:07,Gemeente Veenendaal,7.51,moderate rain
2026-02-12 07:26:16,Gemeente Veenendaal,7.51,light rain
2026-02-12 08:17:59,Gemeente Veenendaal,7.81,light rain
2026-02-12 09:20:49,Gemeente Veenendaal,8.04,light rain
2026-02-12 10:20:21,Gemeente Veenendaal,8.17,light rain
2026-02-12 11:19:06,Gemeente Veenendaal,9.01,overcast clouds
2026-02-12 12:19:33,Gemeente Veenendaal,9.5,light rain
2026-02-12 13:34:12,Gemeente Veenendaal,9.93,scattered clouds
2026-02-12 14:24:39,Gemeente Veenendaal,9.27,moderate rain
2026-02-12 15:21:25,Gemeente Veenendaal,9.03,broken clouds
2026-02-12 16:23:51,Gemeente Veenendaal,8.18,broken clouds
2026-02-12 17:25:12,Gemeente Veenendaal,7.97,broken clouds
2026-02-12 18:23:49,Gemeente Veenendaal,7.4,broken clouds
2026-02-12 19:25:50,Gemeente Veenendaal,6.83,overcast clouds
2026-02-12 20:13:01,Gemeente Veenendaal,6.75,overcast clouds
2026-02-12 21:12:51,Gemeente Veenendaal,6.51,overcast clouds
2026-02-12 22:10:27,Gemeente Veenendaal,6.16,overcast clouds
2026-02-12 23:10:01,Gemeente Veenendaal,5.55,overcast clouds
2026-02-13 00:37:57,Gemeente Veenendaal,4.64,overcast clouds
2026-02-13 01:38:09,Gemeente Veenendaal,3.71,overcast clouds
2026-02-13 03:07:57,Gemeente Veenendaal,2.99,overcast clouds
2026-02-13 04:41:37,Gemeente Veenendaal,2.53,overcast clouds
2026-02-13 05:31:34,Gemeente Veenendaal,2.33,overcast clouds
2026-02-13 06:26:27,Gemeente Veenendaal,2.27,overcast clouds
2026-02-13 07:25:08,Gemeente Veenendaal,2.08,overcast clouds
2026-02-13 08:18:09,Gemeente Veenendaal,2.12,overcast clouds
2026-02-13 09:19:22,Gemeente Veenendaal,2.32,overcast clouds
2026-02-13 10:17:40,Gemeente Veenendaal,2.85,overcast clouds
2026-02-13 11:14:56,Gemeente Veenendaal,3.2,overcast clouds
2026-02-13 12:16:37,Gemeente Veenendaal,3.49,overcast clouds
2026-02-13 13:29:48,Gemeente Veenendaal,3.27,overcast clouds
2026-02-13 14:19:55,Gemeente Veenendaal,3.14,overcast clouds
2026-02-13 15:18:33,Gemeente Veenendaal,2.76,overcast clouds
2026-02-13 16:18:15,Gemeente Veenendaal,2.69,overcast clouds
2026-02-13 17:19:48,Gemeente Veenendaal,2.4,overcast clouds
2026-02-13 18:17:22,Gemeente Veenendaal,1.69,overcast clouds
2026-02-13 19:19:13,Gemeente Veenendaal,1.64,overcast clouds
2026-02-13 20:13:18,Gemeente Veenendaal,1.19,overcast clouds
2026-02-13 21:14:00,Gemeente Veenendaal,1.03,overcast clouds
2026-02-13 22:11:27,Gemeente Veenendaal,0.6,overcast clouds
2026-02-13 23:12:07,Gemeente Veenendaal,0.6,overcast clouds
2026-02-14 00:35:16,Gemeente Veenendaal,0.25,overcast clouds
2026-02-14 01:37:17,Gemeente Veenendaal,0.25,overcast clouds
2026-02-14 03:01:42,Gemeente Veenendaal,0.25,overcast clouds
2026-02-14 04:36:05,Gemeente Veenendaal,0.25,overcast clouds
2026-02-14 05:22:26,Gemeente Veenendaal,0.3,overcast clouds
2026-02-14 06:18:13,Gemeente Veenendaal,-0.02,overcast clouds
2026-02-14 07:17:21,Gemeente Veenendaal,0.07,overcast clouds
2026-02-14 08:09:37,Gemeente Veenendaal,-0.02,overcast clouds
2026-02-14 09:10:47,Gemeente Veenendaal,0.06,overcast clouds
2026-02-14 10:08:18,Gemeente Veenendaal,0.39,overcast clouds
2026-02-14 11:07:31,Gemeente Veenendaal,0.8,overcast clouds
2026-02-14 12:11:34,Gemeente Veenendaal,2.03,overcast clouds
2026-02-14 13:20:35,Gemeente Veenendaal,2.11,clear sky
2026-02-14 14:10:19,Gemeente Veenendaal,2,clear sky
